0.5943236287015957 11.507990969985643 13.298019650991174 3.3883768618580525 11.96127301730223 11.85045675159933 6.687260253049751 10.766950113088834 11.591813910516553 6.106002874795137 8.279728031158681 8.806188576265154 2.8824112115811054 8.004859850734297 8.172665715484184 0.4340340412704628 6.886906954724442 9.034372670044677 0.8333811417711193 10.409898710656325 11.279284689707975 0.7510401086299506 8.939143224604296 9.867715962664509 -3.161812762803765 8.883613382958469 9.9713113818612 -3.287526523599187 9.601672003632991 14.04085498732512 -5.9085658838592785 10.697005788636472 8.178853345570333 -7.459513814445769 9.850725295592325 14.160094970231665 
0.6900346826615946 10.203924836083074 16.09307011916835 3.7567880805764977 10.593360988109131 14.67370126111878 7.041714679646011 10.076585921467197 12.688433018349956 6.283612676695854 8.311422957750898 9.020914450010073 3.0093321576291276 8.040896135471835 8.581699644454421 0.44138330131254916 6.926267412936807 9.282722947414294 0.8370997249207095 9.90453311866063 12.200422974525258 0.7567986060682024 8.875952014902456 10.194562692258234 -3.1712308401635814 8.272874380078235 11.091420635276517 -3.3795748705044577 9.263074692529997 14.624551877235003 -6.2143907240229606 10.23485720196762 9.357643994291344 -7.378055394554594 9.938851763626994 14.134218550621624 
1.0729215899127567 9.119399135582999 17.00840457358552 4.065405749630227 9.719126720913033 15.947004343884224 7.463295541746884 9.314415415881019 14.136484229157693 6.495909229624516 8.227965800359367 9.447424715541972 3.304441798437432 8.010524009687574 9.31714731287107 0.6208472319223127 6.980862331725667 9.690724798485697 1.0195780588497771 9.327721080031244 13.264846432781066 0.9364465166893398 8.64574743170552 10.590414673352486 -3.074567298902694 7.765456384855595 11.848420012811586 -3.32897923848528 8.947209555396045 15.114795921813785 -6.415721862937534 9.736561480265058 10.796379387317092 -7.230950260369603 10.063633526022668 13.994682818579292 
1.4413728500794956 8.130327498712028 17.15745781260908 4.360419428250928 8.866390580517187 16.499504917620083 7.826847460633272 8.486923124645033 15.452412012717001 6.751684129422268 7.787606892183044 10.260239409505946 3.629393870432161 7.997663688563194 9.922079455949744 0.8428937757681346 7.039962592064407 10.333998644204046 1.23005687505828 8.418146839547038 14.894175398269681 1.0704332077151135 8.0538729567351 11.667110894208369 -2.884156526636754 7.679820260433905 11.901559569329708 -3.2766526951304775 8.052367362837956 16.729437652754044 -6.580360771629476 9.106550128300816 11.720311021631698 -7.772819396001168 8.88748905267878 16.37034206984493 
1.6286836718306374 7.345334062526082 16.64258905691572 4.390470229368753 8.065718791243546 16.467268111807304 7.9011997146234805 7.687644497638195 15.846985271155514 6.909251606244869 7.443575931009073 10.850278962423438 3.6727251220396404 7.956619243203016 10.450494523325972 0.8929163834875775 7.106553520307221 10.80672271255286 1.2362181386346673 7.842110742462153 15.693788012770012 1.1045693914648718 7.69658538524038 12.226135595672764 -2.890877085237503 6.051665603426661 13.954738149902903 -3.0593200774444 8.414894782253988 15.70764744643827 -7.597835347887647 5.962666934575499 15.92511944637898 -7.415853586419544 9.547260908512749 15.0459013018573 
1.4492594382352382 6.383776998868845 16.72548324325254 4.31990287866734 7.014206244016902 17.160397646911434 7.798790680022671 6.908237570926104 16.020250136328723 6.92502404007926 7.030142437113531 11.496981445983106 3.625785332931628 7.697187070453905 11.025530975862301 0.8577498911711388 7.024461999443969 11.210071215425431 1.189102054873276 7.06650258203852 16.830428056099436 1.0325364639278367 7.235703718732223 12.998064834424062 -2.5158899703904862 6.794165587885422 12.644640914155476 -3.5387786185132133 7.593384344171515 17.031277923882715 -6.492184330485622 6.969275336037476 12.70986074578561 -8.044348681723708 8.506177313266704 17.028668080673455 
1.38900049016658 5.212625472034523 18.47708938138875 4.174801938157484 6.266525367152639 17.975676949377856 7.692596832344835 6.116538670956153 16.294307504241726 6.844429255907234 6.452405391960063 12.33673262343642 3.565561190301847 7.187673536066313 11.629547184902993 0.6905938143856922 6.853575495066961 11.469850798031397 1.2277270077923892 6.313390325907337 17.12155627978009 1.0313553194159333 6.657848228058527 13.901593327498238 -2.6101872972076463 6.87170009290919 12.471842583248815 -3.632504239051162 6.669654153956377 17.778411578308837 -6.048569246682109 7.674120174580622 11.675519696331548 -8.562192235098479 7.510538474546415 18.956972654521135 
1.3084441277749377 4.545629231978549 19.330107834247325 4.209605148944045 5.319608606815097 18.256917457917048 7.605961798545854 5.39346816613749 16.72857340690496 6.686155345350348 6.0798500488298695 12.776667760805257 3.545749297447101 6.8070335226702605 12.088476176666097 0.4894510445174646 6.585764583073116 11.794308926140717 1.175809259478019 5.303269856906175 17.84355272510361 0.965876969702383 5.961573820080537 14.639477505737256 -2.991441330440617 5.666741520887557 14.208469845211427 -3.7946819549263675 4.954295403726398 19.41778024446032 -5.869080419319935 7.8600746848588505 11.609416987992498 -9.213119913618268 5.038518601033926 23.14190258022137 
1.1393006115408444 3.647611450246548 19.131946602856903 4.150376744864251 4.677943062023773 17.8536761748631 7.438679133917377 4.721698995121696 16.462289465093527 6.639662792654421 5.630100741123597 13.101960357858552 3.44996869948099 6.442240564982459 12.57927454638697 0.3861642111053425 6.312654277257722 12.04555463590378 1.2320109166635405 4.450685047221522 17.469650239759947 0.9981603655044375 5.220500012526022 14.903957160508334 -3.2347976878387157 4.281559029165665 15.862118211242546 -3.1177011853580625 4.301679754413921 17.846899950050563 -7.251684066204569 4.909990150666335 16.104507301114637 -6.654619486636134 6.302098243249858 17.34810261169024 
1.0991267003424208 2.66063947722288 17.429696575943666 4.053710567823486 3.630510753925423 16.65682915135853 7.230423784184245 3.7384895779251397 15.850669094304475 6.661933831803613 5.476876839259113 13.375944401194733 3.4293580627241287 6.105722492389789 13.125069262593371 0.35437808318971153 5.804152430512384 12.711982005116125 1.1641322632989668 3.593404000105144 17.38216022137056 0.9877784269957638 4.8181995920282406 15.38231029735167 -3.3771399842851086 3.707395128786903 16.58184266032444 -3.0628467153500822 3.13010428758925 17.713527207180494 -7.36013453464177 4.552018753372154 16.71443094174946 -6.7772689685196 4.386732237751301 17.692974889343944 
1.2167149364498686 1.9568031120705287 17.627144211924417 4.06598739014112 2.875253899328977 16.69157186146372 7.243584177629328 3.0514008392165546 15.926030953502048 6.700488106957803 5.307757677827859 13.562637438815747 3.47368742732376 5.836373515283666 13.514156290319228 0.3553417128340512 5.036734123737704 13.67923502607055 1.1546164780155206 2.958412082778112 17.300758677462685 0.9803436389326855 4.455485815385398 15.504133165878406 -3.501289545994518 3.8060489943029703 16.477635516561413 -3.019025796327558 1.714003976307789 18.90134949943978 -7.3338591703646685 4.549407420612838 16.74486442011889 -6.603905459694984 3.296626527070088 18.156630834515756 
1.2814761180954137 1.1785237563025321 17.719995711779706 4.11746320372959 1.8473014406431112 17.433423091833358 7.287378335271088 2.2179123215376038 16.635761350446387 6.731780892538022 5.07448319078856 13.891623313181345 3.5074608190796073 5.703836901853645 13.75957154493763 0.402791336713713 4.7584273749857315 13.968809184690423 1.1589596633810462 2.277017908906703 17.3972119436712 0.9579973832277126 4.176415837153525 15.332263411084668 -3.4079220419895013 3.7267922724503126 16.369238199960677 -2.777340564299941 0.7708581507661268 18.74537881280941 -7.353734323170773 4.3790829345737 16.985261631149505 -6.791202183204652 1.9882118940767597 18.997488153444365 
1.2651043864212614 0.2202082081092404 17.661430509139734 4.038020357630107 0.8379947033948792 17.72666869702172 7.206246031464611 1.3516892351503178 16.811960068639443 6.675203339365511 4.772896404844424 14.262919029039063 3.5127169944878123 5.394240824124916 14.270339633979159 0.45809590040510534 4.663121904610492 14.167684263365935 1.115840332342646 1.8441291696050635 16.76219935090075 0.947654875700081 3.8130089309910113 15.677338951948181 -3.4151070710566924 3.4804611141265753 16.43066911680585 -2.7353535584743827 0.30693974009434927 17.620425446104726 -7.390185573740366 4.273263348638862 17.019234746897848 -6.587912352163028 0.6355910938352 18.425750426898066 
1.2132634484878986 -0.6180695116550794 17.536790398234434 3.870149828887348 0.0354742209068152 17.46507717891989 6.851224104580027 0.6917941082488474 16.271515568433802 6.550075586056702 4.418232856402428 14.711551919141055 3.4830366056223783 5.123853915736514 15.012877929484034 0.44962897976483845 4.615557988042322 14.509802714778406 1.1077536079247956 1.3706763853725006 16.543254137661684 0.9382917833362625 3.4452668125687915 16.017236120283012 -3.325220238742308 3.241759882055485 16.31682799454432 -2.8013617704415936 -0.10905281087579193 17.52228481154277 -7.440094730808804 4.133115395228127 17.17149358550006 -6.939898609731062 -0.7680807715676354 19.298569544804426 
0.9527700723983047 -1.5755460729835848 18.07817856055859 3.6779210254498422 -0.8175451148367651 17.429604661495723 6.436687258541985 -0.002999731361818018 16.014506422344528 6.242068218074247 3.90835046224889 15.264779605942799 3.342630066930506 4.6876448229425565 15.897632648363244 0.32865545937502333 4.62883834354483 15.466715929454823 1.0196867045898643 0.7438598233651743 16.997993945864653 0.9040391429728877 2.8579532292000573 16.720634174755187 -3.305142969884579 2.89109151605576 16.558307231531266 -2.9148950206995874 -0.364677178583058 17.594335434582216 -7.2811514339371834 3.8395081128143183 17.43297201027207 -7.050748267874109 -0.8699805604246815 19.228031679755645 
0.587584850394639 -2.268310221171615 18.109776044391534 3.371777376383937 -1.5950614192959498 17.40129968896694 5.903428038395592 -0.5698712885086261 15.770508723240315 5.838958878076749 3.241812268913566 15.911603435826443 3.042135258540699 4.2434728050814865 16.63570561589071 0.11271699817221909 4.512446991339235 16.47147517712662 0.7585817144455032 0.052349027104610986 17.590115988720125 0.7170325628637597 2.129753678478208 17.68491023410724 -3.2080657008591658 2.3040789599428138 16.175237888925167 -3.0643889170094485 -0.7870493365389979 17.6049450579343 -6.942200684928115 3.646854773876635 17.26893933035815 -7.143883501815261 -0.8887812040682073 19.387188121806435 
0.17203949937643243 -2.7717851779686224 18.14168676557215 2.8310141970276312 -2.2063222977259795 17.38606366024551 5.261368109346517 -1.0506066075252365 15.586300523988955 5.415369653745768 2.794055335947046 16.118068972884327 2.6601403916206743 3.8842268213176365 17.057326025433778 -0.22597255406206557 4.287768835426699 17.554867620641353 0.5977839425190832 -0.6170747481001195 18.39113759195942 0.6594814449887145 1.628069796883062 18.389713499414565 -3.025322718710213 1.6753866225025629 16.675429349792008 -3.093222060889065 -0.8652166057502438 17.64464653515346 -6.802321552836329 2.5638173587243114 18.174900938719723 -7.198997454155304 -1.0059814852165792 19.41070467990194 
-0.5825615131380724 -3.1101700696297767 18.200102405510844 2.1401539159183343 -2.496951439926235 17.362150424215837 4.681634463668401 -1.2811819220580154 15.409256199255235 4.9962294847713355 2.4140127594891987 16.530300027991977 2.287019715293411 3.388010759937787 17.76849467050534 -0.6207792801219413 3.810967146700603 18.431879526152258 0.46597626974461603 -0.921646813610973 18.730929443836693 0.5649088659841958 1.2584018582127023 18.985438505308064 -2.928826571307039 1.2511957206698658 17.22609043957585 -3.1323522870074325 -1.0669214393387099 18.076200333732455 -6.8519643026927515 1.3429253406396704 18.689845889985346 -7.271668910187291 -1.1707908675637668 19.807168433172578 
-1.2738535281028467 -3.4221279520091192 18.421754629970238 1.537236447414182 -2.8290187350315903 17.507872769920674 4.05605868414075 -1.4284374033608989 15.316972071096487 4.430407751128014 2.232716536534 16.42391937307714 1.8192579757390268 3.054290653435231 17.874190507531374 -1.0182815131811729 3.3020776086446806 18.971242768091322 0.25088319062779385 -1.1288885940912436 18.673611652623322 0.4628202521315082 0.9960929926899473 19.08527402963052 -2.9626696872779505 1.1259911678258037 17.460895291861135 -3.1613520926115135 -1.1462699913821 18.028492136453703 -6.859873108931339 0.8452702088253556 19.261458317107436 -7.215898335025545 -1.1618462700645975 19.73023923136966 
-1.7065280536001055 -3.402217673745234 18.67978153704294 1.0282513173732506 -2.907511448063998 17.423871170679405 3.5240514414591555 -1.504656652850125 15.471358800690203 3.8279348678527167 2.05371008046059 16.48993050626683 1.439494305825602 2.7870554809125743 18.064890764060127 -1.4142694302880026 2.6628976484127467 19.819498833466284 0.1161247706491628 -1.4466994799166075 19.135195257190013 0.2944269847632643 0.6732628174484824 19.468234875551754 -3.0647248710600055 0.843976493717453 17.94470141403417 -3.112036228196301 -1.2687086493592663 17.907215654351806 -6.9164679087012635 0.6975423917934557 19.672979067104396 -7.263777033648438 -1.314016457079452 19.996678780631722 
-2.2978705538573356 -3.5576133050074334 19.274219332472303 0.5111420094466952 -2.94060639898178 17.606853767888047 2.9934673247855286 -1.6059701711809842 15.641294318799172 3.2177959133448106 2.044909535624341 16.508267646299554 0.8843024078296531 2.5063219572217976 18.418949048019222 -2.009722749278163 2.2030158754764697 20.322793719841165 -0.005205345623745067 -1.5378705934935128 19.30768782149809 0.05288191811872879 0.509573048342781 19.758663543914658 -3.1008556639239626 0.9158488525759285 17.974460296941544 -3.1118551870315416 -1.3022023316015434 17.886444999791674 -7.0827757074391435 0.5630745043804822 19.97364489293619 -7.279065373272467 -1.6077260047358606 20.12507511726075 
-2.6009914388292565 -3.5024114345072364 19.45077902394996 0.17580290001790114 -2.9243884620988325 17.58706880156188 2.6294624060600658 -1.493871562941954 15.540400636171698 2.8296146516202683 2.1054296645762056 16.3689929396934 0.4913178508456988 2.3011468584209847 18.64403426702407 -2.36846988607727 1.7973880742810902 20.878836733844057 -0.1826570624148775 -1.5424712479173606 19.3799656597616 -0.10065869504249296 0.48074190423239327 19.78760920771465 -3.119109738515974 0.9414104957095576 18.179513884508687 -3.1840974446900088 -1.6055627433307813 18.243954740624243 -6.964000609579524 0.615275266983908 19.809977637828837 -7.286821481347006 -1.4523484093122123 20.12966790998684 
-2.7384066032261893 -3.3020342742685935 19.300832132659398 -0.08719134653642435 -2.9165126995062223 17.58129857502404 2.3973938389295637 -1.4790606967097715 15.474990382637769 2.568754618998448 2.11773152040534 16.354676439102796 0.04209228399363892 2.1721896044497098 18.75718433813533 -2.7150777182139447 1.5086752421303844 21.25517721144344 -0.32215708161675 -1.544410197265714 19.392111036967407 -0.1975271548708385 0.44545404012330325 19.890158612075833 -2.9297258994687745 0.9406909563983988 18.779523425142465 -3.1782519559760978 -1.689747555207083 18.24941924800328 -6.973774397149459 0.5286138349202061 19.924662641053906 -7.369122775539421 -1.565816220483187 20.400096558087476 
-2.9076503114383687 -2.8837868429910465 18.757953071531304 -0.3741404722330765 -2.6291112288262317 17.160310674713063 2.128495706863329 -1.4699715939427298 15.565059540227638 2.4318545724047342 2.0432369281257463 16.517475634212342 0.036093771083344814 2.1247060666406203 18.77553752993232 -2.806698046125234 1.5924521060710717 21.205051070446096 -0.4899131042343946 -1.8061637242581465 19.870258029207186 -0.2602790328518433 0.21576754203013687 20.228117881111075 -2.994919239606343 0.8142939253404425 18.960548530274448 -3.35933666058782 -1.6734396380062728 18.213633264814522 -7.054882271182848 0.3538543293165277 20.162431080487234 -7.343417746258216 -1.4486754027875315 20.11929339817029 
-2.9903424393014233 -2.680890397184738 18.450965752278133 -0.5244857128011248 -2.4478007078669766 16.9582381062169 1.9350478892635876 -1.436364678454639 15.589464977859006 2.274521829724825 2.0829167353231712 16.52619160517084 -0.044288038050730665 2.1146280561804676 18.810863623696104 -2.936505833565368 1.5887173038331242 21.293700822524166 -0.5990845870275792 -1.8293741620451343 19.986077754202125 -0.3104723674571667 0.19309809967104996 20.41233849974697 -3.0925495316660796 0.9205409014633769 20.148601739287024 -3.435132022894058 -1.7868658778501378 18.435643214118677 -7.033727485774387 0.5670139681311008 19.943555701425083 -7.409506828713083 -1.6020037370294338 20.38176756861548 
-3.0621170331528593 -2.614599245961279 18.508195458882717 -0.5567681921943081 -2.4091992295513927 17.104771990998056 1.8809729234531487 -1.4099048142136086 15.621819052393246 2.2229514242228983 2.1257139499538167 16.467453247075785 -0.1881413357459476 2.198902461192867 18.750082557587394 -2.9856397183291596 1.705600016125035 21.215043677247117 -0.6213272284080849 -1.7964334604781742 19.963640952266196 -0.3734539529790096 0.22272734745860742 20.513922259346835 -3.088610984820961 0.9849968902476299 20.332618509153445 -3.402614862783779 -1.7610306488319667 18.47780275083002 -7.006345919459864 0.6076672832353514 19.935796113386093 -7.409633283920868 -1.6158042968949364 20.472128898083287 
-3.1277627308929348 -2.5218885764623704 18.40536268628871 -0.5946140386610193 -2.3168856219600693 17.181410322489654 1.8947390301187963 -1.351186277734417 15.622440911350093 2.220635401550341 2.1918970882852427 16.440332194509104 -0.23614820094408984 2.3165758422942773 18.64236874175207 -2.952251917986346 1.7541747377229764 21.123325230490735 -0.634746934983811 -1.7472028466298737 19.950778711553493 -0.4313712587250424 0.26344237342398674 20.58401420429631 -3.0980294519210823 1.0542637510302528 19.891063400806058 -3.4125068366628937 -1.6567668764292134 18.32991041359182 -7.0131156064994835 0.6128292102278411 19.868232599015126 -7.376404865208611 -1.5201280055234454 20.348825887640537 
-3.19428004074518 -2.2066323225789213 18.285758097013005 -0.6076503216859724 -2.2800553417133984 17.193274108493927 1.8787546164989515 -1.2784315020296924 15.59643458692517 2.291739824158146 2.218217543116608 16.525709166319036 -0.179888775588357 2.386400539108718 18.67389131641642 -2.9319546638012377 1.9246674290164412 20.798083459150703 -0.6448021566974501 -1.687684060984516 19.85982148993287 -0.41317878107947725 0.259069022798985 20.655125404468944 -2.933807098767891 1.1301411108866444 19.847892151086917 -3.36335379969299 -1.703270773247356 18.427968094391804 -6.921947684403217 0.6613442975124459 19.728779513361903 -7.409675731314832 -1.5415405094326777 20.50841000192159 
-3.1111932288292805 -2.1742087127228804 18.30229104833322 -0.5388698226531652 -2.1887822125097824 17.083409966565785 1.9373171806735863 -1.2390923914150578 15.598508127643127 2.385122216581142 2.2479249596432136 16.663984864748123 -0.14290247829560634 2.4267202870049953 18.79807632704755 -2.9118687862318406 2.0123077262064357 20.653260416874012 -0.6557817507713017 -1.7185139916016845 20.042256723479174 -0.39390699877020474 0.29385185534103864 20.678831682412238 -2.6252538732313995 1.399690436319548 19.55279906750454 -3.159748935737016 -1.742298340356418 18.526852941921014 -6.740022097743267 0.7194090734498845 19.950593488617944 -7.476256114645366 -1.6924661936395575 20.485007540404133 
-2.96780106754225 -1.9953465530008843 18.09340039116979 -0.4787912160359319 -1.941198242139788 17.046378464216208 2.0029775613779313 -1.0206463406284028 15.416669363357904 2.474252005976669 2.385748157354112 16.656105895996 -0.05198648283760949 2.457521648386545 18.886265285761464 -2.854734323925855 2.008446323986274 20.663860128685634 -0.6513617468893148 -1.6367531235460342 20.005397349009108 -0.39258798177151444 0.36964262903419287 20.7105761187611 -2.6793781322151626 1.5943660145781153 20.528807912762424 -3.1758688903472976 -1.6197221558473243 18.327407124771828 -6.697240373244947 1.2387212604184368 19.75433253684019 -7.526701110673827 -1.8747690028332882 20.652867022103077 
-2.8139685110842496 -1.866118495855556 18.183609267489903 -0.3444120194341905 -1.6641715784530282 17.03138260762477 2.092109285002862 -0.637915936387161 15.2648225071471 2.5568938234735783 2.660102873723825 16.521844376681774 0.04380777739601726 2.6409828842381637 19.00742420890966 -2.745716550008166 2.2557723116441 20.2802266287624 -0.6376113704655069 -1.3567853260020932 19.915125923938714 -0.3640912345507479 0.6063480130972712 20.655305997345707 -2.891964195425685 1.9716381287573899 19.6211295656958 -3.272841247996727 -1.528019912929765 18.261695554998504 -6.857258024427193 2.006627982511519 19.137987349883897 -7.449918107089532 -1.7259918375528764 20.416883192003116 
-2.831041185202708 -1.780403243418539 18.581837647260347 -0.33039778924333796 -1.4174756986837365 17.231396549948776 2.164720326635212 -0.3441917365489391 15.266994418052722 2.5883342549282236 3.037821478723681 16.42021553906922 0.006575777173439169 2.9864075282411005 18.74643529221246 -2.9420698214636154 2.562304999530511 19.959343005758168 -0.704443847349749 -0.8953708503080601 19.69558905129592 -0.4185187483907914 1.0575070418663695 20.41597133523053 -3.087202674661009 2.3721265030083347 18.93469568049548 -3.308418220754502 -1.1839235036400777 17.907682553170574 -6.999642799653198 2.405187516645552 18.709667413934223 -7.473356506117343 -1.663199564460734 20.265201495305362 
-2.9165351632840926 -1.534338011154636 18.675846271382056 -0.3008466093069069 -1.1236733586974825 17.12956213908167 2.2037265113850717 0.011729343172907879 15.307189942815244 2.586003812861306 3.4522376049709225 16.316784226340634 0.00946994305766439 3.47352399977471 18.525589079890278 -2.8756361033674342 3.0253295781428005 19.533834844146238 -0.6306056477627002 -0.3284572204917591 19.350615392377204 -0.42335524667277585 1.659986371413878 20.01893668423578 -3.159266700461345 2.646336045422728 18.356059749791715 -3.3716958595006536 -1.0334091536164327 17.901360220382703 -7.091010909082453 2.5190969090612967 18.64498003759657 -7.399981833994462 -1.4319314504860892 20.020621318776936 
-2.8884158641056437 -1.3111893800672412 18.661407799576697 -0.24879394009628017 -0.8527566532926489 16.928807831588063 2.2609994858294074 0.30418201033535297 15.356335507000628 2.659471162866308 3.728883472200854 16.40131999161877 0.06056443212596846 3.914088047688105 18.43508246104806 -2.789107301989976 3.5181967960982496 19.31210546826432 -0.6327180032218549 0.056265805470705456 19.295917035975556 -0.44832094781505916 2.0472999358158166 19.993185534224473 -3.1474361497126777 3.164829973832576 17.86475665276423 -3.22009791282665 -0.5148082401554166 17.460882019482824 -7.090418808267801 2.7104882642659676 18.554277253729193 -7.193986826038288 -0.880818753945784 19.671369339763864 
-3.0400694867472695 -0.9962930320838318 18.491961169457383 -0.24234626785846838 -0.6741064293398421 16.895540746348782 2.37045310256467 0.5116954661280184 15.324234466129749 2.7099554922726843 4.002679526132505 16.365435980115834 0.07367556253527607 4.279326103005575 18.31987384610002 -2.680669456495944 4.040477109573857 18.884399601118147 -0.619209892196651 0.43377853564831403 18.908704656746266 -0.4792699012128855 2.37146266073712 19.632878395964614 -3.121280560500586 3.3851535034276536 17.596786430641533 -3.0592310373851337 0.0034848634180722217 16.985191998122417 -7.109760166473336 2.8274231273437476 18.438577846362264 -6.936197064408186 0.1974839348588992 18.885137438440836 
-2.897000233781966 -0.6359422223344235 18.275153433443844 -0.19630970832802092 -0.5243794085381378 16.829640908453822 2.480161158051837 0.6295024060379063 15.463668742934967 2.728503417697382 4.173234966796317 16.418836309586055 0.10199176862440178 4.529125056211944 18.186152095468692 -2.6480011228983678 4.2639452045504616 18.863253012393663 -0.5748987158876483 0.6183279682279736 18.918716270203767 -0.45332775290121563 2.598000416670527 19.63356984118586 -3.2642934450016523 3.2534100853357204 17.69915654163001 -3.0898348391618664 0.4759494825154554 16.826043453614414 -7.10066920487814 2.864371654703884 18.504158898709196 -7.080125294843706 0.332249008095992 19.060999003260676 
-2.808577083235302 -0.36161792628139244 18.113892685219724 -0.17546640391447177 -0.39265832332011996 16.906505755396577 2.51508665650958 0.7284240768811445 15.457721850112176 2.776897487844519 4.308018844120389 16.33912745505848 0.09354486704827575 4.7839776824291915 18.100901112037796 -2.6515396315547886 4.488356234123492 18.83734857399818 -0.5624821253012526 0.8140846853431937 18.783552600017213 -0.43443581504446394 2.830009090965431 19.34795094986393 -3.3972407615018803 3.3838595640143323 17.57411047541006 -3.144610391897882 0.6811833366355303 16.97031499041165 -7.203227411978747 2.670764139096742 18.90788658015146 -7.114937892234557 0.49624344482207244 18.918826473177862 
-2.7553787809794987 -0.24744238588805142 18.405414602522427 -0.18255282808414952 -0.35040412414773425 17.154591014819925 2.519972905381008 0.8181658466181867 15.577164058322348 2.797132176145594 4.4117073197568235 16.428817796547293 0.10664739730139414 4.870920608327287 18.353731100673322 -2.649191657961839 4.680610308624797 18.923753826734547 -0.6318126326790737 1.0013017400644182 18.789187125605185 -0.5050014898394662 2.980247842632783 19.329278609537152 -3.466352518735937 3.2347123860564935 17.7522701364252 -3.2310956935817963 1.102871239276628 16.938481011246864 -7.230453104699558 2.6310162959905057 18.921677605960507 -7.105610666379657 0.9835177086105144 18.42490127657076 
-2.717302198227727 -0.14310020439151191 18.460055957028274 -0.12586737074628163 -0.2797498553454841 17.129777885654693 2.554009577930384 0.8857726329938025 15.551322804002954 2.8193498633594327 4.44861079805411 16.55814941639639 0.1217530650864295 4.9123515733221135 18.488279398636205 -2.679287175260552 4.730508951920082 19.25772450064757 -0.6611850095689138 1.1196121053562818 18.69291927194857 -0.5632158342640955 3.0555753766264226 19.421047087241245 -3.5140522031762673 3.206732096509654 17.706143039635442 -3.351759726225194 1.2179900068669296 16.75653271957193 -7.234890274079814 2.5958055696639892 18.838904269229968 -7.201362416854558 1.021154583701613 18.44489132155968 
-2.627954977088121 -0.11619860495833043 18.547841315932196 -0.05736576732351048 -0.25968632055672075 17.229057677143555 2.5597067406272047 0.9080835082530978 15.695710804800639 2.822464577495453 4.520755011863683 16.6339276107475 0.10678595161330985 5.0607103988558375 18.512306703487774 -2.7278321917368036 4.920725748293817 19.293920176693074 -0.7790687741438392 1.18551764401299 18.808793856403696 -0.6873108640698496 3.2059306043454 19.338359847080156 -3.371588464647387 3.416939504819309 17.22165319822713 -3.379784757365003 1.1672132080735504 16.951259497471614 -7.235140057579672 2.6362267165716973 18.772679027475533 -7.273813232765685 1.0572783104550625 18.427362899327136 
-2.5200827631171863 -0.1584955080817962 18.547949633391067 -0.011397241552097228 -0.31573726219946896 17.365264727354166 2.5419375991051023 0.8956135767544894 15.775954825751715 2.777026824763243 4.489033075446691 16.81031147738976 0.04892957647417964 5.146591970946917 18.70876223940788 -2.7923283507655925 4.968942897009745 19.413125305116356 -0.8792034028684995 1.1825949993333855 18.939988548346385 -0.8241255801461178 3.2125206119796705 19.461032696795723 -3.162045509247136 3.5038733220403695 16.95308051137806 -3.368214157187921 1.0957611627745862 16.97778084627637 -7.130047201598225 2.7873682189962983 18.51098121171768 -7.30184179563411 1.1389333074068195 18.32560545978865 
-2.506148071633593 -0.21976397752692095 18.75952709917078 -0.04113143877952909 -0.41550741846942846 17.613326935694218 2.477827007218386 0.8077185582708883 16.006643633408586 2.7092400204435374 4.454731646064173 16.866204595276155 0.02663323708017983 5.197270213554511 18.89313232761436 -2.8027416454328513 5.0142374916257 19.543286888160377 -1.0117561628086233 1.1267578293922405 19.22676190992365 -0.9537575175062248 3.1743459328592323 19.736447611228698 -3.172473219229794 3.4697595250339925 16.87605741074359 -3.3081684365385073 1.1760340592798417 16.814505918390356 -7.166566189027252 2.7485816892374157 18.57518450448885 -7.272330722786386 1.2720155296880573 18.101061759927855 
-2.7223103546706584 -0.22050077276556918 18.679578725179688 -0.10956578293310298 -0.5132312060717263 17.806699823093588 2.3385852926189985 0.7622725501031747 16.131190356486677 2.5539802931276845 4.421271183425319 16.924198144159956 -0.0498890708126855 5.286848764819116 19.083824973890717 -2.8262574724993756 5.055877851660484 19.615810969594182 -1.1366107155138965 1.152785727614112 19.401872217456855 -1.1066352820170238 3.256546033534387 19.815264037671103 -3.147831688140208 3.5396476747410768 16.406841929579027 -3.284846636116326 1.1773329883850312 16.759188698957974 -7.114342003308397 2.825693767349414 18.454277101240084 -7.235175086494107 1.3972705642905134 17.910829667066807 
-2.922037783553461 -0.31806057250592135 18.792453090815705 -0.29536758811268665 -0.7028128913631199 18.389841671189078 2.166484270412388 0.7066719336378572 16.388158995537164 2.423239149762461 4.36244338409409 17.208998276749888 -0.13148993835066167 5.302134999131756 19.34151314800167 -2.8971561851187078 5.024818367734355 19.74500120379912 -1.3760940313094658 1.189720441188776 19.610216774778515 -1.3105926958532448 3.267603550424955 20.067639084223707 -3.288675775949236 3.519236947656529 16.1618874042017 -3.3794520448526075 1.2373004333582527 16.58939281388369 -7.116472393460022 2.788229868318117 18.446383861286986 -7.2363814156157735 1.4028132713148362 17.83600336930329 
-3.2243872512979497 -0.4070287126710881 19.113245326023787 -0.5577129719511598 -0.9683053551418116 19.22352642957002 1.92435326108102 0.6356196477194355 16.84914913582523 2.2171796800834014 4.372301148163715 17.39176645847156 -0.24835128807558235 5.398735202835927 19.5944755053367 -2.925510390484759 5.072552180692787 19.867492869215184 -1.8179558557931812 1.207651166345871 20.13830630170804 -1.7596493307577459 3.3631853397942435 20.26332736808663 -3.2455007295555722 3.5149952658765544 15.939366545525354 -3.3081731593167043 1.2795800903140866 16.470739348253552 -7.084901036158522 2.8249650675885514 18.39879336351433 -7.273131390137635 1.4038789578485567 17.83511345584407 
-3.136096093791289 -0.410096224943884 19.312033671169907 -0.7010025723125672 -1.1735633880207201 19.684433662758828 1.7356061475778732 0.5781170380552992 17.28002476312836 2.084421376295144 4.28019310341716 17.799252109188647 -0.30592643923879037 5.48751347434221 19.718168528556838 -2.960956928637794 5.076186246038807 19.85067320805166 -2.0573834814549254 1.1079859633049656 20.68809882658876 -1.9066050600869358 3.3297686187992945 20.67250288368732 -3.094321276994975 3.4639735491693524 15.46662211072927 -3.3043332213142524 1.2049996258356868 16.560524909705997 -6.991626489297118 2.8303422394676057 17.953356822586365 -7.288628182113442 1.3640090054044791 17.888912103190957 
-3.3327045687973085 -0.4661253911678361 19.422171121363128 -1.0308255729001052 -1.418879126936437 20.03993639293768 1.5198215380934434 0.3955655944257359 17.82849816996945 1.9496491639198388 4.122374417813911 18.23988979099539 -0.38606746657491037 5.541728251237409 19.907546097306174 -3.042219669186881 5.045516621090124 19.894169140037494 -2.5014123527119936 1.066446193058249 21.019743294106863 -2.3030810959271872 3.3055511797690986 20.996857999785274 -2.9022337853624784 3.418016917469654 15.372820189414906 -3.2430724818990484 1.1960238615100454 16.209349234137107 -6.932710955307869 2.90448128946176 17.79068849889902 -7.271972563364581 1.440048171197739 17.846974716548488 
-3.463553997967425 -0.458595409597421 19.35893304336034 -1.202261172932827 -1.664816176596423 20.433271866984946 1.3964519943913698 0.2675070849438747 18.23137544464405 1.920210735968764 3.948069859096521 18.720358123881635 -0.42355533103718984 5.532411976849434 20.36415906089159 -3.0733605258090284 5.054162864317897 20.0158966678903 -2.667755324883827 1.0665682934189957 21.09259328742877 -2.4833339506013994 3.3133072276151467 21.05239488953433 -2.7547766207229305 3.4147541514968287 15.42450541817515 -3.1524391867315575 1.1484359879356867 16.285263713834564 -6.810309143704965 2.9436603290253887 17.86059986433135 -7.230324860274533 1.373263915604437 17.701358267544755 
-3.656880084136836 -0.4806392306964557 19.39654892495873 -1.2473230963114077 -1.675193732325209 20.515496691175624 1.4886941505420246 0.11341146866456116 18.630356842520282 1.965318967688816 3.8080207816207188 19.214084996096673 -0.4378417159859886 5.511915214093259 20.7040837440222 -3.0749300510905977 5.052016428865429 20.02940933680098 -2.6357915881508984 1.0162913506613067 21.11850823973548 -2.405646059550416 3.3004493156907353 21.031020880542968 -2.7607837860701947 3.146674297730062 15.82936947229644 -2.7471118790468108 1.17398931841826 15.372497122121137 -6.794328506486013 2.9423563886451567 17.868401085981052 -7.195518342017217 0.861906882322364 17.220794680186042 
-3.611663870980573 -0.47350876609114256 19.369990965752798 -1.288197195148967 -1.6875722839400682 20.878317744573625 1.5439842521120373 -0.03687667262414778 18.96526599234773 2.025482256401369 3.6994773958110834 19.453598652579366 -0.3827614954041946 5.465931759059128 20.724669510709845 -3.097209074487073 5.023053323452443 20.22327586900958 -2.6463403163705332 1.0063848809996532 21.215727909117142 -2.41171316153449 3.3006981214999374 21.102946647343952 -2.7889043805819074 3.104426973598056 16.545085125337852 -2.811648258170935 0.9046610680259993 15.861781234889053 -6.762476191442116 2.939636691537934 17.884426688827023 -6.9817003001223075 0.5836367981569455 16.27466166166597 
-3.607088474624478 -0.5221002858243785 19.48925111762846 -1.2971807677217289 -1.6729924464610693 21.064928157697047 1.4639902573139327 -0.20485295477409596 19.130363077628015 2.0628676882130432 3.585573921312738 19.49733981901571 -0.3778445830395182 5.457414829398189 20.591761220050838 -3.0792828966706574 5.021273717864827 20.23154326646955 -2.63622090653706 1.0100454943771924 21.082109136704005 -2.3972080909820925 3.254452031903461 21.123338080169347 -2.7492983219907625 3.033758690238783 16.637361328994622 -2.91103085124397 0.5625395264426212 16.281958988605783 -6.797523028959288 2.901912108340083 17.94582188859486 -7.205518103021048 0.02476111138394115 16.65493896736977 
-3.602053589354101 -0.5345709587938725 19.626903867623437 -1.3488552957493434 -1.7331526314632824 21.269558480462173 1.3685277860203484 -0.39191875113033314 19.235199046563885 2.0279861174004323 3.3613577795832184 19.716456539935432 -0.2676306469181125 5.368189677537835 20.622031411241625 -3.0792828966706574 5.021273717864827 20.23154326646955 -2.6905066114486607 1.0200353449822965 21.049864897630496 -2.4667735288088606 3.260692760857997 21.03012664465598 -2.6858073722126075 3.0244524156794648 16.671324796973337 -2.94011917213322 0.4071404393034757 16.472415459978997 -6.607953281020472 2.9111575297551515 17.02030611640828 -7.294321862901633 -0.09976391573912435 16.851700784238005 
-3.5908747159360273 -0.5032408312824128 19.758840147813796 -1.4757336410482282 -1.8837307908882295 21.306340259904747 1.2902144774716315 -0.6281382840363295 19.40612072247524 2.0326857413429713 3.171239665668843 20.018716273801893 -0.22064036596465483 5.210764724071603 20.7729028603112 -3.0792828966706574 5.021273717864827 20.23154326646955 -2.7602634492399436 0.9809878761611082 21.161133104510096 -2.448456576469403 3.258196767548795 21.039651295348968 -2.6612129584346897 2.9840680892738685 16.73882419303745 -2.9769662963590995 0.2436506041316587 16.731419734075306 -6.532462208750107 3.022997039573066 16.620553501578012 -7.264392025201942 -0.09485599775917394 16.79406472054449 
-3.585792298088609 -0.5329405490249595 19.718410039922706 -1.5902817067790258 -2.2291553589044315 21.21030649654138 1.2110392265648209 -0.867086133817736 19.57899366517681 2.0314185055861254 2.9795846116055533 20.041448377892646 -0.17772969179801706 5.025854738759905 21.030244576518463 -2.9575481397201933 4.979319733147111 20.311423535905643 -2.771280004061157 0.9887094874897865 21.074054591927766 -2.403447786757715 3.2566553442530126 20.96983094602105 -2.634983927617481 2.988768868391682 16.31278271635459 -3.0045566299327233 0.20255383222908008 16.786445282619884 -6.500717380553051 3.094611959535489 16.41037230051189 -7.264628421566437 -0.027100760110099726 16.826827283396973 
-3.723760915955827 -0.7354528648889341 19.704727633396594 -1.5931353544256603 -2.431701235169774 20.66984125934822 1.2072741518026853 -0.8719192274811002 19.263328282828756 2.025801415109808 2.9048933565741675 19.809800708289288 -0.1760543007140565 4.802651517472701 21.355771336597893 -2.9191526814699875 4.903560277020641 20.450806931004 -2.8122085272825377 0.950718113981745 21.060408276811444 -2.4003928991833674 3.1742526901571995 21.110612289911323 -2.5679311764895827 2.989756280694227 16.35684791913574 -2.9114704040448833 0.2676089195548371 16.467678668560712 -6.419939100236641 3.2341833993513656 16.164520875499615 -7.279504908003517 -0.03388033847585088 16.89279668366324 
-3.6504431894855496 -0.8402366445448662 19.038184907004904 -1.5494133900294704 -2.512592657596609 20.175227071152335 1.2448472995311468 -0.8797514638973941 19.012057935904465 2.025398605945449 2.823725716835056 19.87136725274799 -0.18509082445623598 4.647131596893645 21.485414796575935 -2.907892305901388 4.736243891583694 20.241747336071064 -2.821898309841756 0.6975268142901958 21.225524159185024 -2.4805360038594775 2.9733534070522145 21.22856129759043 -2.5337783253473374 2.8924923413860117 15.788273230141153 -2.9399377893649796 0.10984823790850241 16.31246647578385 -6.390929742038286 3.2698540555962787 16.21697627268711 -7.2944602979279445 -0.06585309568009488 16.868133767379042 
-3.5984971260421257 -0.963563191939187 18.50261847608125 -1.2948527142376396 -2.5051642123777755 19.729010348195587 1.3556084167023554 -0.7906786119157515 18.78185664779556 2.04293023142668 2.90265889802614 19.74606147958062 -0.3028760378723914 4.4442363981798465 21.320669167036108 -2.985693036610555 4.419168478252316 20.077684927156962 -2.7963527991491377 0.3782419059406206 21.194975117501084 -2.5407437912127064 2.6960817753568613 21.304997777084882 -2.640919144444688 2.8376346348445702 15.666387554703231 -2.986705280193416 -0.1120720258197462 16.16484750731768 -6.554303783699204 3.2394043364469622 16.31866145174908 -7.3373369291729365 -0.1270423297432759 16.77745295491889 
-3.5977647284505085 -1.3729559244812537 18.762296039667216 -1.1204086722490774 -2.436669646701504 19.562200929151043 1.6054433109391273 -0.7391596488195393 18.640812124225786 2.0974634279496613 2.975336029893295 19.634777386941764 -0.49083919523666575 4.281497827710426 21.011960652523964 -3.094827329756711 4.065450155900696 19.83194370810009 -2.7617869366795786 0.12355710364672279 20.86615394710432 -2.574624757938384 2.4238356138679493 21.081263263542173 -2.721800540976508 2.679108213683595 15.570007659792001 -3.1275909449792936 -0.3704511240261131 16.101989306642782 -6.587066455440536 3.039010198299465 16.077564767691392 -7.456988959549408 -0.307745167481875 16.85157846168563 
-3.1849955106728958 -1.5784250158237756 18.697299877173 -0.6926829614094762 -2.30011562673797 19.274950809788027 1.8748622687140162 -0.6936808868129652 18.568109182657167 2.1199519703555656 3.009513208049647 19.791224622090777 -0.639878671643346 4.161403282619539 20.77992885433444 -3.1536285392108248 3.8342205631742554 19.72259656304629 -2.721947555920155 -0.08179020271178535 20.528234413194856 -2.6452260668089838 2.195912502647257 20.859400323414484 -2.709199348495643 2.698394696693816 14.858938214962043 -3.0870117125810985 -0.4413134437635252 15.560441052432918 -6.608375490648451 2.5754377407415285 15.142833895369476 -7.500966965289446 -0.4367870834580812 16.759735998456698 
-2.9961278982580803 -1.707134349402346 18.37443151572277 -0.5699770204491145 -2.1604011692405116 18.89848132092322 1.9760661375898487 -0.660115393753321 18.64169970602164 2.0900067685332053 3.008874694956617 20.142223715055238 -0.818169460623782 4.079307393457851 20.79732921354001 -3.239300529902717 3.6722141014229694 19.534176757421594 -2.749494665896625 -0.2875082366882158 20.31342790835412 -2.7859594892993695 2.019740074049251 20.61041688430422 -2.7856061906645677 2.6441859252240754 14.640455522821192 -3.068258052735682 -0.6117359891151332 15.309552750678685 -6.868522760464592 2.1966118905740264 14.806050797994521 -7.451106102908127 -0.3925648157807525 16.378537201361404 
-2.8575779362553715 -1.7203199866183607 18.0421341914391 -0.3930461324571355 -2.0666846593558565 18.57589819226824 2.01655210174275 -0.6546843195389884 18.62846411471087 1.9930233107830246 3.0482910550572275 20.083833770556232 -0.9188992894065956 3.997741430217213 20.806076312733985 -3.278588339801734 3.593095568972304 19.328592891935536 -2.736102644904489 -0.4548104488715654 20.11489205428964 -2.8753136246650803 1.8383978541219952 20.44667632996062 -3.0005484831132763 2.505329931724716 14.94773573790322 -3.03438355829267 -0.5610867382356568 15.152303416769364 -7.181517823268486 2.11481189105387 14.587811837098197 -7.383823239864774 -0.41097640448437345 16.230432412605488 
-2.8836651427988245 -1.7112335256625366 17.775632819193934 -0.393443705776918 -2.1323531278895773 18.527914890970287 2.032821610866709 -0.6493636854923243 18.559877917260877 1.9158932984131776 3.0460403941797147 20.09426261536228 -0.9848682212661569 3.880132577715469 20.865735490321942 -3.311947630946571 3.5171336590617046 19.247493172512907 -2.7325890231955854 -0.5374883742705173 19.82120229733951 -2.9055903329244295 1.7260486740005363 20.278590814725785 -3.018153626949725 2.4379551485753113 15.080157897584597 -2.9524078434716885 -0.42242022466988427 15.064380525663033 -7.264382265555532 2.0196491235087146 14.54246719218935 -7.264352961474396 -0.3090812892003043 15.663037929966803 
-2.832912431639639 -1.7138127348798962 17.384692572935652 -0.3879757336289117 -2.2375895571833095 18.276500358666684 2.0108011726652166 -0.6627787994975157 18.383891432670787 1.8155124165469527 3.057469830614495 19.7205221640905 -0.981064888343045 3.806977877439856 20.751841902032893 -3.319600666143096 3.4444532166373976 19.28267058646352 -2.7011158357267133 -0.6327414926366702 19.621513597453482 -2.876129923840579 1.6146729977959553 20.105415107832552 -3.0496532078890226 2.366594608631692 15.330287664857961 -2.9085554549323627 -0.3193502095409415 15.010145327974124 -7.334585738697608 2.013478845954582 14.678138920331314 -7.125891436837868 -0.18158986566564414 14.867495268638413 
-2.9488777317731243 -1.759686111765106 17.25175025518045 -0.4233249349329863 -2.4236536652866723 18.114489705223026 1.9834591948589009 -0.6835037310016563 17.967714077205954 1.7887177854480274 3.024733110826073 19.22123224162948 -0.9503750065559687 3.7686351914283027 20.514485261665826 -3.337128396896692 3.3733142035098087 19.24308796797251 -2.6502904913760936 -0.5968834033700818 19.30873437902196 -2.8305989784008583 1.5874503605557244 19.81084483215253 -3.0975359228461627 2.3643665873869155 15.446051471043855 -2.9817803465794013 -0.29099841047814234 15.081567087904586 -7.3884447068824395 2.0538768227669664 14.571072661363344 -7.036033574637958 0.062039459083219374 13.938551421914559 
-3.0351363867798455 -1.7931260484680884 17.04309644372624 -0.458939867987329 -2.568319153040897 17.912338932349915 1.9732442067003524 -0.7389680476938724 17.541167943288215 1.782170955091619 2.952387803764185 18.86107634214027 -0.9375591365300033 3.7249336005341207 20.23112263991517 -3.365673991926846 3.339096395572903 19.15226242038317 -2.5932435882721894 -0.5886089471874795 18.90696758211243 -2.809369966924039 1.597431176011404 19.59524531235741 -3.1510887850602205 2.367942138382522 15.486886351169085 -3.0760030180425666 -0.2951076665869234 15.101194449791901 -7.341198339796401 2.1237819389500725 14.47911278190426 -6.962885142899502 0.24834457959333284 13.158285297645113 
-3.060084261239373 -1.7787103870774703 16.96282006777035 -0.5451847981058221 -2.6391907782702133 17.741538573761286 1.9517330772211188 -0.9723058446834222 17.453670472703575 1.7945658056128502 2.804219384675457 18.621700694462362 -0.9017615715647428 3.682041168440242 19.875783637088208 -3.319013877542944 3.335792790433073 18.897617206982062 -2.596396632558254 -0.6042596773361758 18.731933562846795 -2.7813684645484296 1.6105861537624182 19.310839826875206 -3.153702771988317 2.3990620931982876 15.510671087280944 -3.240191144329409 -0.23406810436405814 14.880811495170422 -7.3653522763353365 2.122454909785102 14.497637552811225 -7.164655000791206 0.2883768519278854 12.837271243834241 
-3.113532305025634 -1.7055932803677123 16.522064006577885 -0.6271987838478243 -2.6343310449608084 17.548029239868136 1.946963161527267 -1.0914064392361114 17.291598181051253 1.843504838675575 2.657121425600671 18.382033200206934 -0.8712771052555911 3.6372976345740633 19.60606253645416 -3.2898707991222227 3.3345977087480256 18.637382252487427 -2.6094617275752543 -0.6432741198705004 18.45790476091312 -2.7409302593835707 1.584428683883484 19.080507533162734 -3.1977568419913163 2.4080967927005927 15.323824481233354 -3.3002442964083745 -0.2703357098306371 14.651291431070618 -7.404618806030928 2.161204797110485 14.39843967534151 -7.373000256658066 0.27169178315818854 12.754889617913095 
-3.181452702379728 -1.7030083593124088 16.293682027710123 -0.6800349703306963 -2.5703017396868635 17.227700282815526 1.9220954575516023 -1.2847669215343906 17.15972660126959 1.8771516209915997 2.4749618992398363 18.32159476619826 -0.8678380795128524 3.5209368304553 19.44905494639041 -3.2650293323879334 3.3690068852290334 18.26775767971053 -2.63860680369798 -0.6213009446635473 17.989025891215753 -2.724761757087145 1.5664774970228676 18.71236195048275 -3.2524040048223486 2.5215216309906014 15.005362491947144 -3.3334920426417955 -0.23737911860548525 14.170069338085513 -7.449086522181825 2.162648576936756 14.36274665658384 -7.506164222478348 0.30101472979070754 12.528113004288151 
-3.19190537189793 -1.7000267256370425 16.063232125835352 -0.710005911475406 -2.5735606046400172 17.0540047453571 1.9164677614069168 -1.4314128629997596 16.97038781943252 1.9278045371420167 2.261467537498366 18.172487034655234 -0.7827321136082683 3.3601808511842433 19.100475000785806 -3.189671974884133 3.3624111205398375 17.907045723641026 -2.671545145973163 -0.6269704051133571 17.748316200413694 -2.6916502529023365 1.546762298147804 18.356396796831213 -3.153820566197586 2.6951705950440408 14.564094679354866 -3.3355974152736594 -0.1766337191680912 13.649624999486074 -7.360641491491858 2.231377607135699 14.231321111511734 -7.616800965502992 0.33737729935535293 12.238797094836665 
-3.322248960785206 -1.6322655186534445 15.656302103871077 -0.8143332292347365 -2.606259304522395 16.857312520730247 1.875399925257834 -1.5861395428963547 16.851444019871668 1.9600734112359943 2.076821026977947 18.11781794359178 -0.7216725047814269 3.171925252855656 18.851598278582294 -3.18290426416021 3.323528661899485 17.65725534277837 -2.7175649277017593 -0.6259851639161087 17.44651501043735 -2.668448586107868 1.5690895224543537 17.944255771726347 -3.081638917535403 2.799498132810121 14.012371793302176 -3.3604494214374188 -0.09382569306652466 13.215378739572001 -7.273088702499057 2.3347043989152736 14.052282623132205 -7.644687021673633 0.3541027615927935 12.094013583638516 
-3.3376987306484116 -1.646997526680806 15.338399856906616 -0.8801496873310076 -2.6682429391006153 16.6346081992693 1.8504552658930244 -1.7728647373329578 16.711133452283185 1.9553484571796809 1.9015772391933243 17.98029123351931 -0.7417000527622929 2.9511304918617647 18.719711156043044 -3.2458406328993097 3.261256371015201 17.411076005924826 -2.7283671665581957 -0.6955478347098362 17.16384487681224 -2.679849577835386 1.5122745850626702 17.65027581295895 -3.026896406299842 2.86581535198407 13.723760991742077 -3.3533148298331077 -0.10314783514252701 13.06269147913295 -7.203617263330696 2.5364629266758842 13.772976956682543 -7.658994068842929 0.34839835730934055 12.146525501173588 
-3.368644842847142 -1.7119923707272373 15.132533928789883 -0.9161909220311663 -2.7861028215514803 16.530435585563023 1.8254019339165635 -1.8439447463483112 16.50040098663631 1.9498380272510434 1.839162328046208 17.750424523442042 -0.7389373815410342 2.8041786045298043 18.54633865412484 -3.2190720291907162 3.2247745242954213 17.157254259595533 -2.768619672666048 -0.6891379369066049 16.854553849042507 -2.6638993825919624 1.4964326097795415 17.300817963593264 -2.97453702965762 2.9648085516835523 13.343629197486193 -3.376420436722395 -0.10899675133579295 12.868169367148852 -7.2453599369291055 2.9072095281416312 13.255587023724491 -7.671869339209796 0.34961060500655367 12.140392486949954 
-3.4027626164272653 -1.86662040194992 15.073666870794487 -0.9477583084835411 -2.88859731725409 16.352308449167413 1.8202991699200637 -1.9106008112058448 16.28329538689003 1.963914188373276 1.7339913510345697 17.645711785601815 -0.7533723899607063 2.6614624276816414 18.363389846342283 -3.2021231222319555 3.1541043867397422 17.131172969181353 -2.7992753967363853 -0.6934194977841511 16.62333730328038 -2.694059528115721 1.4659054909617182 17.221016684704775 -2.9741148159756885 2.9962554032201867 13.356259944588425 -3.3471130141295937 -0.09776033728519971 12.761792643966842 -7.21770519777116 3.264038709875794 12.745149922700646 -7.730115151405769 0.3477181008738122 12.160510302992023 
-3.3661877075096873 -1.931676887653817 14.873346996770923 -0.9507773400342491 -2.8919090535296843 16.016578354275598 1.795539719231983 -1.8677633782976473 16.009343066616864 1.9423105810638643 1.7458965103646007 17.440335535043996 -0.7429855076488867 2.7009357734222417 18.177344381167963 -3.213350616769241 3.15839474020571 16.933129577477033 -2.845456823508774 -0.6952637509029537 16.38813774540716 -2.7731485328600405 1.442139153981679 17.120760083598334 -2.9817397430137698 3.029693522703664 13.311485052376149 -3.3104901509518405 -0.08010420583233001 12.600728473143013 -7.227859845654082 3.608897462650622 12.211310617258484 -7.741208699366359 0.35598852350090004 12.095310976297988 
-3.3657685764961576 -1.9140643492593477 14.588113674199136 -0.9381440359742552 -2.8497397661263815 15.80299576339235 1.7911117149133002 -1.7528482468635962 15.713527842149853 1.9395832918295295 1.8237276344481068 17.273327283338904 -0.7787416514390848 2.7385665597518516 18.18729677908575 -3.222395179568496 3.1604661032240617 16.865009845575823 -2.844773251952584 -0.7593233671123703 16.34737114048308 -2.8028970933251904 1.4119548290225925 17.0410710759455 -3.0443723456678704 3.131888740745522 13.121835713262737 -3.294669157156698 -0.0950129780820207 12.470300811072045 -7.245947373674966 3.884743638367273 11.942420102051791 -7.733554949155131 0.3596901832676319 12.056224411835913 
-3.34484354400717 -1.8827143168006246 14.402953075848334 -0.9348194861086081 -2.7990397731378267 15.70061559570446 1.7883254665131443 -1.6907227989315181 15.533523692117344 1.9547897926347853 1.8607091237993705 17.16431794513225 -0.7503051461773321 2.811116849076997 18.021837198664098 -3.2084793789041544 3.190970146548033 16.897410259500486 -2.85770219075858 -0.7524325181002652 16.28646739318272 -2.815799865167543 1.414374791919946 16.982707620188258 -3.1596180144309978 3.172480540544209 12.956459043667476 -3.334241212977557 -0.07314364608267308 12.336741443865826 -7.306810576799807 4.03552896515317 11.770286512902581 -7.738752023581875 0.36457296861245325 12.011168406359126 
-3.3533609511633937 -1.8940092143494331 14.467451919248793 -0.9310330192783022 -2.7570312700054362 15.656989753748393 1.787587920141416 -1.611036998875646 15.44751738501712 1.97062619352851 1.9393047020179786 16.994185044861567 -0.7473987634244444 2.851423916632498 18.018299024845675 -3.2404405074634326 3.1951044435136144 16.881436844370835 -2.8780695976444086 -0.7541816471250546 16.2931326027242 -2.828707875884569 1.416727861381408 16.924749434718805 -3.166694299621808 3.2360870193365256 12.926171420203337 -3.371843656773123 -0.09183261531341406 12.25730060647522 -7.311282952633697 4.094830017154928 11.698504075148561 -7.736514406265172 0.4068713129157342 11.911440957883412 
-3.3533609511633937 -1.8940092143494331 14.467451919248793 -0.9310330192783022 -2.7570312700054362 15.656989753748393 1.770224624784093 -1.5970324554696238 15.374370228101835 1.9684637486358296 2.049267955420136 16.84643932689743 -0.7268029197294571 3.070926036723663 17.761542089564987 -3.2674321393554453 3.231705902343927 16.829893396380697 -2.8794260581235482 -0.7030363545489261 16.173333405854816 -2.866116313559233 1.4959521017557698 16.81808754880332 -3.1460121695046506 3.328987096037989 12.812544079060343 -3.3310084225659726 -0.11331307788197933 12.181821133396438 -7.443250931520551 4.100050911684602 11.73993766635259 -7.754175283258128 0.4130390522481017 11.860218028519485 
-3.3375990690073314 -1.8432922742848181 14.362530612119519 -0.9276043601434135 -2.6868269932317013 15.639913538612193 1.7891739372195883 -1.5543807865537194 15.325048368698747 1.9833273073945807 2.1552988944701883 16.706368548273712 -0.6915115135765963 3.2525794762714857 17.554489867230043 -3.2079901805834052 3.407959710789834 16.57355800208696 -2.9080975968498195 -0.6940632081319441 16.107121291741134 -2.876374170706321 1.6133655227355432 16.656995886010968 -3.1283497983028594 3.4194202071547277 12.708592972953129 -3.315857792631206 -0.09999212978671962 12.073038649515187 -7.443250931520551 4.100050911684602 11.73993766635259 -7.70841728482587 0.38277008843769217 11.849048982605206 
-3.338215666390955 -1.7632054915768975 14.27778124083778 -0.9324560667053039 -2.5307079806609303 15.530419100577083 1.7695399509103202 -1.5180052020152963 15.28925183653118 2.000184839442782 2.229365091229955 16.60358829309299 -0.6604843935591427 3.3965893448321247 17.401759310080163 -3.1682941152665407 3.5806965408414375 16.32770174947685 -2.93456250029579 -0.535917193527079 15.971533666687892 -2.8487592909015707 1.8386551134303912 16.35909835791452 -3.107978040965599 3.510856756902057 12.59677376297558 -3.2873168901606995 -0.08882980955682804 11.970496491021407 -7.430361536698099 4.039885300095847 11.828304237681952 -7.705339252664497 0.36154058228528424 11.773691178608406 
-3.3687876553580454 -1.5878949341916853 14.201212272132143 -0.9613468699939188 -2.4193986188479575 15.47118482712621 1.7703485665509375 -1.4890149116683609 15.313685381261266 2.0155754754907305 2.2981096993047148 16.513626056573283 -0.6361457344663992 3.464865086580848 17.305321964281525 -3.135801272130752 3.7518532829965014 16.142660568700588 -2.949357269026167 -0.38480766553035795 15.854614916666401 -2.8266794940961244 1.9828650746509882 16.228879671847718 -3.08860722022963 3.5400070103717716 12.46229895816011 -3.3550012166811305 -0.07912530257451786 11.94396481530416 -7.45227937920733 4.010007147221311 11.886422746175626 -7.705339252664497 0.36154058228528424 11.773691178608406 
-3.367213893905646 -1.3946046859675252 14.003262960855071 -0.9694779038463776 -2.334452502160949 15.379815770897295 1.7535780972520605 -1.4071927004562446 15.223302503848885 2.05018448102054 2.44248484944496 16.372774697756917 -0.6250484853726331 3.570021337767494 17.151094757255997 -3.1078065241408255 3.883802383729753 15.964850958870661 -2.921335924254134 -0.19640161963482583 15.692828380047334 -2.7747894749633 2.1960458513843344 16.01132786905397 -3.058011836272501 3.5083006829478376 12.450943249652365 -3.361915808350431 -0.04345884686594713 11.905284435087578 -7.479861033667953 3.9537680340600203 12.085038712962684 -7.719597132505961 0.3559087989337094 11.825246760372684 
-3.4051165183831396 -1.3089935982488188 14.072126512865914 -0.9663207411627767 -2.2363222217356857 15.38775006105138 1.754047886543056 -1.3390198816723284 15.205144467629568 2.0674571886808994 2.4796267334086304 16.31971596827102 -0.6177082775207501 3.6395777546909414 17.04908405301923 -3.083583394137708 4.018249604063275 15.83092957641926 -2.915103017272399 -0.06210452713117381 15.7050773154504 -2.7795429943291623 2.296399374152777 16.110402156554635 -3.07497990361998 3.507891220941632 12.455256227120396 -3.3358860745504404 0.04975846824843282 11.862580925893218 -7.500678585366157 3.9846538419988455 12.111113533157477 -7.726116167454147 0.388960660615319 11.798027596127607 
-3.4606847001975405 -1.2378222592750243 14.221583302344175 -1.0118721206890533 -2.167120661533328 15.544997953247243 1.738155618512428 -1.228838533275788 15.139242800502196 2.0859147863806506 2.5842971295398693 16.294549874148483 -0.617950596749045 3.747400470955427 17.137369399290645 -3.065867496241213 4.153319678422506 15.753158791290554 -2.937930125026675 0.04603026311029982 15.973423403911024 -2.7971495252207395 2.394337246882007 16.32961607326353 -3.092387307286275 3.4767453500364627 12.447759035994816 -3.384399350413087 0.04837129141905853 11.902166334684413 -7.513961483255592 3.954941161413738 12.14767189217091 -7.713186376037351 0.42269047076367944 11.763815352543503 
-3.534864124450133 -1.2092643936230727 14.67188381470449 -1.0661307970173712 -2.1209343480996803 15.84052970565494 1.7423097623116885 -1.121213627571433 15.299718047007703 2.1248496992045105 2.6545044070321366 16.372709443834417 -0.5856082385073414 3.8558676359435675 17.286350910434027 -3.065499711498446 4.261124715249956 15.951072806517514 -2.9832801061317373 0.10408585079185981 16.378074932874956 -2.7962269977850833 2.4522351548966066 16.67239256341573 -3.115743126927302 3.47678130540097 12.50101246651022 -3.3741304980065925 0.11200248627347338 11.878977187435272 -7.578319887287647 3.95750541502898 12.26296867655339 -7.700792622217132 0.4212727827094942 11.770473762613456 
-3.5637813415049595 -1.1489070479184051 14.929552576171968 -1.0961819642778754 -2.0287668155786425 16.08532600153181 1.7121186748742703 -1.0209125437554256 15.526501213060582 2.1648420705421763 2.7539222141151365 16.535898591560294 -0.5742228111274534 3.965698049704653 17.501378976042318 -3.0923610224171525 4.30161694513988 16.196423470131062 -2.9896589026495124 0.18183896214487194 16.635991361063237 -2.814328995259994 2.5181018885296877 16.88112483523444 -3.132388574827455 3.507113976630715 12.517591942088554 -3.3775312359047645 0.15323497586215787 12.030050359339073 -7.603404889772147 3.9593702936427 12.30262974595261 -7.700792622217132 0.4212727827094942 11.770473762613456 
-3.5986521824618647 -1.1408161697303498 15.312341355856699 -1.093714744193038 -1.9765328811640184 16.374888453039432 1.700587871705617 -0.8764988170277281 15.702213071908684 2.1875202829925424 2.926574797646071 16.656847114783307 -0.5796060119375606 4.079252819421381 17.708689799655815 -3.094404079266663 4.341156337633129 16.380692375110097 -2.9519722624127196 0.2665924408313345 16.82809445921604 -2.8087034493124556 2.6194774783848236 17.046396133686205 -3.156633982961335 3.5383291639231813 12.480286984187865 -3.4381770905495492 0.18697616516644675 12.278049859996884 -7.5668415670306635 3.989781861687799 12.300785150858285 -7.70028897733566 0.4563358257802614 11.729688807770398 
-3.5964966457846694 -1.0810990873870394 15.584197453327421 -1.0986975609398248 -1.8660246026822294 16.541617322575473 1.7055508367314889 -0.7721595123662434 15.926174315171503 2.195950990700399 3.028768653064901 16.94084517515529 -0.5765097279426882 4.299944734478207 17.814866749743736 -3.1027552599629935 4.451675548754515 16.5148237444473 -2.981283436897259 0.34364571316449116 17.147630602333937 -2.8323214781310644 2.722082784088774 17.32925646592413 -3.1124377440411877 3.5421538343710472 12.760748506857235 -3.4713757318005727 0.21881894064664753 12.536378876403615 -7.5721004987739375 3.992925863253632 12.494086497391038 -7.728668267405299 0.4454827406356209 11.832316527970258 
-3.5945425348235975 -0.9309381222191122 15.439101212273536 -1.1285451843292509 -1.7625814412569265 16.729741605604097 1.6912145524178104 -0.6684139024857504 16.155852779338705 2.197597371552067 3.23808055629834 16.95032858072562 -0.5540586098480857 4.447201606720594 17.836993200796858 -3.106109246746762 4.525031065046273 16.584865802630112 -3.003196459897365 0.42850345010447544 17.401131047370498 -2.8436502915783306 2.7920611433791676 17.476294790460265 -2.982403192835432 3.6087127189729866 13.164832253364565 -3.490501512198593 0.32086407730501854 12.723976921696284 -7.543863419907969 4.000223599626307 13.038599143094297 -7.76362213773122 0.46769101599751056 11.907960526316588 
-3.562003265460654 -0.8699745167684285 15.443969864890324 -1.0961363381912064 -1.613033807042509 16.86075773421325 1.694920271142896 -0.5122822179666643 16.264613588474862 2.2009126508797663 3.343241590380593 17.04622661542322 -0.5326394369364176 4.5579653026682125 17.85129949231979 -3.095123083906168 4.6290929849205495 16.547785518102838 -3.023089382725698 0.4960698253878567 17.440741903292626 -2.8468606790610007 2.900351826306648 17.38798076169281 -2.9372367705300637 3.6405644309022707 13.329139666960417 -3.41990849878727 0.3386572513739127 12.843229889943645 -7.380782576591233 3.969103397048351 13.558046747110991 -7.763828553277303 0.4515037644869117 12.334366993353179 
-3.4944410252282556 -0.855940623538715 15.321547533499128 -1.0713127938707065 -1.501077762582305 16.795778663741707 1.7516408261949155 -0.44729912460416377 16.3006281300926 2.2053611641832935 3.414274815791341 17.191930575468046 -0.5259960825337706 4.7017487561427025 17.81621196611299 -3.013605433938565 4.799478487391164 16.39215226062067 -2.9753400029653383 0.5028218320605361 17.319243482017367 -2.836911270525586 2.897806235197054 17.457531794300277 -2.980667825040969 3.734042325764917 13.322713831320256 -3.3617401656526518 0.375890085856601 12.760935835063556 -7.349343449493964 3.971245897839495 13.696044872850146 -7.750052968099534 0.5056905886674794 12.968987057572097 
-3.061056128753595 -0.8682241098887662 15.179710002231552 -0.9234306870583994 -1.5025705673626724 16.791701656568176 1.8262796825662087 -0.3929942639041777 16.409749920632528 2.223201684049612 3.4468743198885754 17.208694128467897 -0.47980339341518774 4.709798097957148 17.99388344437195 -2.7230487615407504 4.949723676566463 16.0221480909871 -2.9313487622566106 0.5075916690552695 17.252166314030397 -2.8359056100524813 2.9337886883840025 17.467759714849997 -2.9556743724209995 3.9544185442372943 13.35223699116302 -3.34115163558015 0.43795680857014574 12.747031497576849 -7.320727209026649 3.973209274657006 13.90504029587213 -7.772581702053769 0.5314767274816624 13.617967039392123 
-2.523872203172388 -0.8725129307583571 14.898957313544505 -0.7177651659006676 -1.5684527667367985 16.787920237383148 1.903757647535099 -0.33284183980053283 16.507739583128608 2.2237386708997775 3.482168896887589 17.21953859468458 -0.3662087474670985 4.807237710885748 17.908732509890722 -2.2262598214730738 4.95905544851205 15.808777090658012 -2.8910686068177216 0.47623626290747656 17.222265210919364 -2.803627384876255 2.9356219417764975 17.33707052478283 -2.9992683442150616 4.084503615506673 13.38799313638096 -3.3887404149341998 0.3998914592369632 12.800747557379063 -7.279413127522895 3.973933588637957 14.065582885702394 -7.8010234812284756 0.5262331597982703 13.986691523407181 
-2.1390226439795543 -0.8299159754396879 14.564817992274365 -0.4679647800999232 -1.588369713346134 16.7261731516811 1.957792342639414 -0.2523244262827341 16.408304632837233 2.2571760013612234 3.5114522303587408 17.180730443809342 -0.2801575040672923 4.968694321303031 17.655599103996998 -1.9553414705719863 4.879092917642984 15.175783567506311 -2.8764484065067006 0.5216960302143379 17.105030705420653 -2.8014665931149136 3.007614262938457 17.177645624851543 -3.2843260580827804 4.19134433196659 13.752835524255705 -3.4213613244717647 0.4004957248442082 12.801127812479537 -7.311318863439769 3.9787999278704858 14.392887312413345 -7.720536476530769 0.5540978858680095 14.010042221104932 
-2.065975001853283 -0.6763594353041154 14.354850180840456 -0.323112063106976 -1.625611794717379 16.570449757597647 2.0283217932986384 -0.19458501807118264 16.217004849935567 2.2696397517715914 3.5419510916919696 17.01377767903202 -0.23708336441805683 5.188919696994579 17.177338315877975 -1.8872056325115907 4.796929493787862 14.352009033561808 -2.8055110292575827 0.5673533043306578 16.98248061849542 -2.771352888118796 3.041899385803726 17.072104672511117 -3.5900164720694843 4.195857596202656 13.839374204245093 -3.503129405625137 0.41222026645631565 12.729600965644968 -7.326528259214732 3.983143904128485 14.659953185567126 -7.669666329893398 0.5332005628177924 14.196424055825297 
-2.068131108121028 -0.4517063778869472 14.114432849315662 -0.28007609570150677 -1.5680793457471793 15.983972352808461 2.025974507480867 -0.14850183798432165 16.104385459351292 2.2666042399210657 3.575579876734706 16.902841922657604 -0.22288067366504885 5.3136751890202385 16.914265134984213 -1.9885992277423135 4.758602789057259 14.194280596271783 -2.8055110292575827 0.5673533043306578 16.98248061849542 -2.755065196377725 3.039870049277347 17.07937134347639 -3.810524306768661 4.211797238109962 14.14433024879252 -3.6345451702581832 0.3731133622111753 12.82677048948862 -7.349714433981571 3.98606383389056 14.824023080719247 -7.624842211377398 0.516477887548089 14.361033695714838 
-2.1498144986278347 -0.3355598583962416 13.98589079597934 -0.30564252781260765 -1.607617900405976 15.58031563111315 2.017531786458768 -0.07457531695137554 15.72984547074662 2.2206173159208684 3.640694033898575 16.503095919187263 -0.22751944649197037 5.4425302427535165 16.70381186056878 -2.0664323547697476 4.724817843126522 14.139236457639072 -2.7982927054778357 0.6067690842081089 16.932896565586617 -2.755065196377725 3.039870049277347 17.07937134347639 -3.794063093657121 4.1752436074620904 13.91338978030222 -3.6781436174947095 0.40759790988308314 12.794962330755927 -7.349714433981571 3.98606383389056 14.824023080719247 -7.611206326701983 0.5147711319273154 14.368772654640328 
-2.1728336975309923 -0.2617076670682703 13.907626092232169 -0.32690414227361414 -1.641513777127846 15.173133844650598 1.9567833810734254 0.007697081304477553 15.294524635150553 2.1734786687809566 3.6690960378959065 16.04266770528557 -0.2660974193380341 5.538490032079706 16.476768001089148 -2.079065521540664 4.721590329396188 14.094878381321946 -2.7841120849005208 0.651362292338534 16.81764677799168 -2.747753379211022 3.0756958436258333 17.02839443753998 -3.6777145171166583 4.160903403865314 13.447044764006003 -3.6965596657540787 0.40681138590092747 12.799680734407296 -7.306205527494105 3.9833198579821816 14.713360645468635 -7.570333305907477 0.5165785640819316 14.353276727212407 
-2.21474398919422 -0.1898855318964259 13.835806193780844 -0.3350216783125712 -1.62948756306312 14.889525113146533 1.9051451807846944 0.1606078901914772 14.460557520979952 2.05844975525462 3.697863554360637 15.534349318478327 -0.2887231233864338 5.5960270348774985 16.255012058791895 -2.0971810532760804 4.714773938997242 13.943773781329945 -2.7426502234198846 0.682795075809032 16.42688604399483 -2.6909247846764615 3.0780624645592827 16.833803958555585 -3.6222518004885313 4.156480384677214 13.288878014840952 -3.744544900670026 0.4386076482464956 12.778434963051895 -7.312458393498201 3.9822058576817194 14.66737276164962 -7.5638031076642225 0.5189653907402846 14.338479122969199 
-2.192048847108731 -0.10368255454962808 13.640067383918145 -0.3235731793827038 -1.6153901348884976 14.604019636496457 1.8932869251813687 0.25242272568995067 13.877613578471202 2.03142014361388 3.791135072943943 15.0581291339063 -0.2813073559340707 5.65969412771721 15.72863821372703 -2.09356644797225 4.67948072051049 13.885456147490341 -2.598340162552251 0.7426391498569548 16.111321184215544 -2.5969679871905993 3.08191568012441 16.63018744623248 -3.598975571471077 4.123224528653637 13.225024306562458 -3.8087310811238315 0.42980321627675977 12.850613653684464 -7.326528259214732 3.983143904128485 14.659953185567126 -7.5978785446838675 0.5197344383370462 14.338534237651409 
-2.125925393845779 -0.03777630318467075 13.356954682546975 -0.10040787814806892 -1.570253458100675 14.33072958385718 2.1207073082663124 0.2734926872747043 13.637062589387531 2.252301769263736 3.9081157735071113 14.605986105885483 -0.15139938926151392 5.626781663339637 15.36118675759642 -2.077253130088943 4.673961748884785 13.723895093908343 -2.300095678450469 0.7634170741840279 15.790142538798031 -2.2284917715981747 3.081453267019266 16.303806370478526 -3.6067120164767568 4.121102378474625 13.066981519117316 -3.829618970474798 0.43835001988816696 12.752919256173088 -7.326528259214732 3.983143904128485 14.659953185567126 -7.583315555337206 0.5251534544535812 14.280722716028729 
-2.0654743327340315 0.05198294407586348 13.109224661152934 0.1863009244686023 -1.4367654091291249 14.077500198945545 2.685224808122463 0.3174728617143001 13.36794534830259 2.7614481215021542 4.055925401775654 14.158269056941746 0.20523107457331047 5.526381203145099 14.965928636033107 -1.960370028836519 4.6754124529248 13.697281380886837 -1.7240046623826593 0.7641794079820987 15.65510498468634 -1.61991277003233 3.1035759084675854 16.13661426228138 -3.5845142793711835 4.179457764172695 12.94116446459222 -3.8268205707202334 0.39957065683849663 12.838176674432782 -7.326528259214732 3.983143904128485 14.659953185567126 -7.5631072282191445 0.5258948242424027 14.273492042900909 
-1.8278441845943585 0.04761576070995063 12.852695995593914 0.6841690693031794 -1.1782449709017646 13.752668483680399 3.409048328428093 0.37379853863014645 13.09374938876413 3.5767639997522473 4.074950599276077 13.848031984676842 0.858193545643009 5.394724896247847 14.538268590545984 -1.7132912085700263 4.669731894987934 13.628083839341382 -1.130259454120725 0.8356209585201922 15.39468353058588 -0.9717860897634122 3.149980283306421 16.01295554789717 -3.4892808168713194 4.268919851490378 13.162848457940806 -3.7713900250992323 0.3916539755745501 12.861986048159936 -7.298422436421673 3.9812452224901214 14.674896668782157 -7.577655658575819 0.5204655323588756 14.331325650334044 
-1.3409357844419327 -0.14565702585442675 12.388539187951688 1.416460391363501 -0.9371378936899885 13.444771218118397 4.222789364721622 0.3623408334188961 12.981771155181585 4.39132781055927 4.149631544368914 13.837528013674337 1.5672706737708468 5.3620578265790755 14.276740564087723 -1.0975529630051055 4.7789335907131925 13.55610419997486 -0.5808450371104393 0.874838043953212 15.070428513180314 -0.40171070445224477 3.1653621114571324 15.581602867226534 -3.3627420713524043 4.331308022814838 13.405448176576286 -3.5831237243833867 0.3982434739277635 12.941150710569998 -7.323164025315698 3.9838202263047298 14.779197391996101 -7.584082628035102 0.5181834596389521 14.345837168969199 
-0.4190246583955875 -0.679453820255417 12.216223204434733 2.288560510910464 -0.8032255127478404 13.2333073563504 5.022867979119167 0.3552243017519739 12.911561788033287 5.196089335716324 4.1096403895620135 13.93402928821501 2.4041850276155357 5.307614917514323 14.459722653035861 -0.3016112329005695 5.310519933397511 13.448891525646223 -0.16167031504127458 0.8806157943603026 14.83732699360587 -0.01292551188766702 3.218123030350317 15.166267323522925 -3.3800584449040594 4.30688595463655 13.531698030215573 -3.5553356186866933 0.4939646395239625 12.893479965310172 -7.318610551745685 3.984602785981663 14.765590707504442 -7.570333305907477 0.5165785640819316 14.353276727212407 
0.4453929148599355 -1.249298123925319 11.634749544702393 3.1762311363217943 -0.8555034491485418 13.010233346070308 5.815974209211406 0.3483146028758472 12.99446629474128 5.8944406116853 4.138946179826058 13.98996569639675 3.236588119468216 5.3719900064983745 14.630017357847908 0.5348046937672997 6.209743127765498 14.126706287547577 0.296283663828884 0.9341998131905767 14.531388702414622 0.3648439272093569 3.3056335919319184 14.92962895364672 -3.294945171660788 4.30925532519471 13.621865038575057 -3.4855324233110356 0.5851254665554343 12.930360340089944 -7.300001683611199 3.9844197459548316 14.759613663350153 -7.570333305907477 0.5165785640819316 14.353276727212407 
1.1392191630981061 -1.8650138573153754 11.654544860942313 3.748248958009204 -0.8859006830405631 12.968727044614162 6.280050794336377 0.33075870367278837 13.00151748446353 6.448162786367698 4.115663135799464 14.06603837524675 3.962853967289681 5.568866596631816 14.444892004565734 1.4615135378881534 7.04017445418443 14.508293560078926 0.5678831821203045 1.0698078153590316 14.220885121768687 0.5854961066716634 3.387002834830989 14.607233415474612 -3.288305205623294 4.21468434956469 13.756504050149594 -3.452678886513798 0.5624291842202208 13.190296153804589 -7.312425122650856 3.9857018758218326 14.81198876385904 -7.599005947018578 0.47420197643223816 14.45331934546671 
1.781440435365283 -2.457147201892341 11.552782889914639 4.12496024586517 -0.9271014134004737 12.795760345123156 6.547752876460813 0.3228192219807708 13.054525310488005 6.690918496841843 4.0871093490814685 14.210173166503687 4.564333212595168 5.715216924430579 14.79038830631843 2.3098417137701506 7.699008579954943 14.873136205141986 0.685777736876317 1.1685175389346425 14.059145432191567 0.7147090009600156 3.4645703049107714 14.526979323737821 -3.2524334303449702 4.179273902343818 13.817329584033702 -3.41900788507599 0.7111449986516939 13.237805671336115 -7.326799432031105 3.953135982656739 14.856804779434645 -7.5848635921499445 0.5111586659038047 14.411238502737794 
2.4469695598093377 -3.227216512989632 11.736480455356162 4.448910139979666 -1.212485473672332 12.714467978573541 6.593446001201849 0.2710597412662256 13.161088636779509 6.844501991595944 4.050187863676837 14.257238652062492 5.083224406495675 5.903520558611851 15.020130897924025 3.291322247180219 8.241917897780233 14.695393900297988 0.7912124043652388 1.243937008217099 13.909283917794422 0.8339002997324141 3.497939466763734 14.414869971539009 -3.267607186215428 4.053888509081236 13.989052278323241 -3.4331658296049414 0.7223432055347604 13.513024140540521 -7.353768210273951 3.921646256231993 14.954609259368091 -7.598651322998447 0.5127550058825667 14.403808742345879 
3.18445477886204 -3.9963479164365805 12.137357580866524 4.839339886375663 -1.6615997815972452 12.843556941835354 6.704935063201326 0.26105850642511796 13.169441004080172 6.934054605493101 4.051961604638808 14.308543377615532 5.333161300488611 6.40163701954677 14.937836371598323 3.895293653958011 9.215541760314634 14.466815561527211 0.7594147524550392 1.2522991534145813 13.795517873650484 0.8183194680275249 3.5277576755829707 14.324629346930909 -3.2815375834215206 4.024214716374441 14.08178187416149 -3.449004996492096 0.7731037073071458 13.660790846235832 -7.393575750631501 3.8910687013381784 15.106333772881461 -7.5848635921499445 0.5111586659038047 14.411238502737794 
3.9245850318419833 -4.9379328450246325 12.485046728235412 5.187224213014134 -2.3612441315419237 13.051898719592602 6.740105178716462 0.2731338037588332 13.154711268286018 7.0312749967827 4.049198181495526 14.310198055515384 5.782644892448668 6.652793963677378 14.763714047935405 4.875264422050861 9.516836549813114 14.752160740963813 0.8188057097770873 1.3376063272792424 13.577458504274666 0.8892751516362 3.595431930035909 14.167338730382848 -3.2712619309082656 3.993438304759011 14.117511183466844 -3.4522961852180307 0.8021951797923731 13.72175294950105 -7.419007352748519 3.8933146303512878 15.213342961899592 -7.605281340841099 0.5102885959623221 14.418885332542933 
4.422858200072474 -5.678677957456033 12.888912114931284 5.48955572209107 -2.6818776846002494 13.095245214347198 6.791614553377561 0.15925793072002156 13.276910665952457 7.055341418650718 4.078416171554253 14.269708114524782 6.013744529151877 6.744558675769184 14.848195836370225 5.338836171033743 9.7804084209308 14.849201824071617 0.9053125019325481 1.415765804412767 13.327973003471218 0.9575838139441761 3.6854612402967724 13.939935547847325 -3.285834576629683 3.995080684457394 14.110689736102053 -3.4451578449464355 0.8677057006228095 13.699710843831053 -7.429768739528855 3.928725608800267 15.274571219415694 -7.619870675681494 0.5048606736635726 14.476996676817244 
4.908796318924982 -5.832074883969666 12.545150045773832 5.706183660847247 -2.826546803761327 13.070703195897112 6.828447938257723 0.14130081375112666 13.190992611243567 7.103679029498969 4.079688544166874 14.267006039075923 6.2585756179193455 6.908225458222368 14.932865974223919 5.778371548065555 10.096979896968275 15.094432919175729 0.9083599934986561 1.4231998652330988 13.263477218114394 1.0072814229488185 3.6838482093065297 13.830778488060943 -3.250437263138733 3.9960605665783393 14.099197636422373 -3.438425790302776 0.8610440846249487 13.762561564511277 -7.415009761573663 3.9617833744198365 15.22838282672534 -7.619870675681494 0.5048606736635726 14.476996676817244 
5.351427755442481 -5.894440634966107 12.533856001326738 5.903481747364365 -2.8502285181720985 12.987245027255847 6.899486144470677 0.10081031964851984 13.23287598597916 7.13642219668913 4.115628364111521 14.273410115495947 6.445494241453275 6.984816498476934 14.922984630365473 6.189704649739689 10.260886887640408 15.201956096930713 0.9416641230819024 1.4294887036895312 13.152845494440175 1.0075332351103248 3.6829374356737286 13.778535106513246 -3.2181388771133173 3.9949426290022534 14.10009857283804 -3.4458390642951597 0.8258760351640347 13.802105939594783 -7.3816199264286055 3.9945223109859724 15.176577446398095 -7.619870675681494 0.5048606736635726 14.476996676817244 
5.828868557228611 -5.778138801819146 12.173408843877091 6.134948365714746 -2.818543903389454 12.799118455167518 6.908322046066851 0.07310170273823267 13.262218793712549 7.135267569841941 4.188014779299285 14.176520721241454 6.60799391047091 7.218161873571293 14.709574912702747 6.536686992206051 10.387384598044909 14.927601867230491 0.9259226693663687 1.3985711870726631 13.186090493835726 1.0088410566436194 3.6537614781836028 13.704456790986555 -3.232782402878331 3.9965331044671886 14.09363891734271 -3.4458390642951597 0.8258760351640347 13.802105939594783 -7.41476927152939 3.9956179303627595 15.17514514628732 -7.635011499437291 0.46058694813811196 14.585463834695865 
6.0527535622066315 -5.620681484583657 11.888544899453898 6.276333540787715 -2.681713332774001 12.565639251454705 6.963175127852056 0.07950488781478433 13.20182928674529 7.191233130624862 4.216039622335091 14.13714029454592 6.838863880196225 7.216156645657692 14.769602419062338 6.881228708834168 10.371298785647397 14.897203842927315 0.9739707620712823 1.4027413833746079 13.079859711482365 1.0411268836961027 3.651906532293386 13.652956119340631 -3.20140170362823 3.962698930557751 14.084783593377844 -3.4354500794490272 0.8621065558726861 13.719237449758104 -7.41476927152939 3.9956179303627595 15.17514514628732 -7.635011499437291 0.46058694813811196 14.585463834695865 
6.213127213047507 -5.54539775113525 11.777626059241431 6.344856405419376 -2.6786405705559915 12.512759453051956 6.9581708623686405 0.08972961372905473 13.08739564049508 7.18269126383249 4.2457631766236545 14.096470090875737 6.971852453131834 7.260216441103166 14.635112725351528 7.006045446659334 10.348703192278505 14.559583509638866 0.976576183498013 1.406502243226965 13.071535258630002 1.0595133935776468 3.656474291561778 13.639571310284222 -3.159767046747136 3.9622704632324512 14.022520964618991 -3.4354500794490272 0.8621065558726861 13.719237449758104 -7.402085919475415 3.9943226106971226 15.121835032026286 -7.635011499437291 0.46058694813811196 14.585463834695865 
6.387604627370724 -5.975180345207836 12.118807129423809 6.4914993624831565 -2.9085749080266963 12.7704080964038 6.992087664927603 0.09567081803852538 13.080246934562327 7.174276194503305 4.2702773422062545 14.06174569808603 6.998901417799698 7.243524345928946 14.601828011743258 7.11124582285299 10.32839516263216 14.535793016665655 0.9920949380585418 1.4113533105051763 12.965924136164617 1.0601009937658656 3.6539314640536316 13.484277449773398 -3.109639068707614 3.89736045194095 14.107613252551767 -3.356507486476441 0.9272777203563246 13.612431462442165 -7.415009761573663 3.9617833744198365 15.22838282672534 -7.6144696197836375 0.46149982384974253 14.57768671567851 
6.348341458095946 -5.762366691030123 11.997648396495707 6.394522191820051 -2.800780873997528 12.571274591411775 6.992087664927603 0.09567081803852538 13.080246934562327 7.213834135471455 4.301059753177886 14.01938117230179 7.066513618571021 7.245244222802251 14.541203426898583 7.11499833742876 10.29584557994139 14.48104854794614 1.00919395999099 1.4093676852740589 13.016470232587798 1.0766643324789276 3.6559359153395583 13.531893504886423 -3.109639068707614 3.89736045194095 14.107613252551767 -3.3637595013019266 0.892407730841836 13.651470931375552 -7.41677223141302 3.961426052410715 15.167692604395866 -7.635011499437291 0.46058694813811196 14.585463834695865 
6.280124640737185 -5.476897173837115 11.669755429453945 6.390468073330767 -2.756668008740033 12.528986701665731 7.058598199624781 0.10121863176945493 13.073225935442398 7.221263675394938 4.332648029558149 13.976549763153114 7.090923603758652 7.265395427949714 14.505983961157442 7.144215125861324 10.33437408201364 14.399305112568653 1.011803009235869 1.412938208639551 13.00884418429033 1.0617140641437477 3.657208966419623 13.475818144153026 -3.1033032941825125 3.8961061980533995 14.055901782425131 -3.3637595013019266 0.892407730841836 13.651470931375552 -7.41677223141302 3.961426052410715 15.167692604395866 -7.635011499437291 0.46058694813811196 14.585463834695865 
6.295373866342993 -5.6018306897167145 11.868588126849573 6.384327578468818 -2.7868985113160085 12.508503599730552 7.014157656012799 0.10217420116466842 13.021149419147092 7.212132120711198 4.330727513126797 13.924191967512503 7.1137906653428535 7.289999621673647 14.46451689850566 7.075524706017637 10.374588045790372 14.188158313998294 0.9799222693903358 1.4171132349680844 12.95427417906922 1.0617140641437477 3.657208966419623 13.475818144153026 -3.110489867921361 3.864669948759987 14.097574412676042 -3.361515803501434 0.9230902176034087 13.627659452789015 -7.41677223141302 3.961426052410715 15.167692604395866 -7.635011499437291 0.46058694813811196 14.585463834695865 
6.209247863506211 -5.679254478800271 11.78497596393824 6.386618302938692 -2.779092961055232 12.499579723793769 7.008305573922887 0.14165995224936825 12.97965270821884 7.219567330959225 4.362167010903556 13.881731351274233 7.207174927765192 7.290969080047762 14.463015167769834 7.126731132171411 10.38474796915202 14.230180513032485 0.9799222693903358 1.4171132349680844 12.95427417906922 1.046595084258672 3.6593043683564606 13.471493809114504 -3.1252150997156236 3.866242561492533 14.091467039389835 -3.361515803501434 0.9230902176034087 13.627659452789015 -7.41677223141302 3.961426052410715 15.167692604395866 -7.635011499437291 0.46058694813811196 14.585463834695865 
6.1971268585496295 -5.549243823649317 11.730003758898338 6.394522191820051 -2.800780873997528 12.571274591411775 7.006597567508283 0.13580753299676482 12.985410147389784 7.1923698911028895 4.3512023130414255 13.731432478797203 7.153682551714546 7.235793867015791 14.319486561205533 7.156138537983802 10.290421865529384 14.363781541530647 0.9799222693903358 1.4171132349680844 12.95427417906922 1.0633355107866505 3.6604101319302815 13.467854899775206 -3.1252150997156236 3.866242561492533 14.091467039389835 -3.3806790932470046 0.9212861334074829 13.635761543617598 -7.404072610850424 3.9601894780582803 15.114339415570276 -7.669343129343174 0.46137132464812974 14.585536352160227 
6.289444041823395 -5.748231417176598 11.985554247017403 6.380581227487666 -2.8440620489963493 12.660763746795872 7.006597567508283 0.13580753299676482 12.985410147389784 7.1923698911028895 4.3512023130414255 13.731432478797203 7.1394342259208585 7.201936069370794 14.316758930889787 7.170125607384421 10.215266029486573 14.329972917284557 0.9799222693903358 1.4171132349680844 12.95427417906922 1.046824261206041 3.6584574770497253 13.41999187457902 -3.1188424474328853 3.865045811915232 14.039720564632113 -3.361515803501434 0.9230902176034087 13.627659452789015 -7.3854315592104 3.9599655470977044 15.108649086975037 -7.669343129343174 0.46137132464812974 14.585536352160227 
6.255641149712749 -5.695508449925872 11.99379394014012 6.347751070835567 -2.844775283888434 12.662697006165443 6.9912827309282966 0.13883917682620797 12.98277868879401 7.208233351468607 4.353300520003445 13.728971457569195 7.1004656097647345 7.181052581728172 14.176635281318942 7.158239778387591 10.164054437043262 14.247674596172137 0.9799222693903358 1.4171132349680844 12.95427417906922 1.046824261206041 3.6584574770497253 13.41999187457902 -3.1188424474328853 3.865045811915232 14.039720564632113 -3.3806790932470046 0.9212861334074829 13.635761543617598 -7.422758045936571 3.960402444992706 15.120139554751225 -7.655620812095281 0.45962622842133355 14.59340254496126 
6.243101600381 -5.739273087145137 12.030537738789302 6.380567362278144 -2.9730369415671074 12.72887674932252 6.9912827309282966 0.13883917682620797 12.98277868879401 7.1923698911028895 4.3512023130414255 13.731432478797203 7.15483068109565 7.187919911486487 14.223129118527762 7.159487517427055 10.25743493433329 14.118141318468648 0.9477255228689889 1.4177706526629068 12.954435840689888 1.0461357658619141 3.6278601693980708 13.459097942821124 -3.133555324440591 3.8665954063977717 14.033728706271175 -3.4038129294062123 0.9303959447206553 13.60566664408182 -7.435471617513249 3.961642422037262 15.17347828202877 -7.655620812095281 0.45962622842133355 14.59340254496126 
6.22423271259767 -5.931532155415368 12.186149876461108 6.346343468350171 -2.92617882562933 12.636920411134101 6.981055534614218 0.1453879344340426 12.924699067942978 7.221875664652838 4.353582498800225 13.621110721588856 7.137372936561142 7.179674588781636 14.122169851640308 7.07396972235899 10.291890234344843 13.985969995627185 0.9469174228565747 1.384820483832154 12.99131922577444 1.031030037449225 3.629932962446101 13.454894193998566 -3.1271697793121964 3.8654018102976084 13.982110717862223 -3.4087866183475257 0.9263230552368573 13.620607631801388 -7.435471617513249 3.961642422037262 15.17347828202877 -7.655620812095281 0.45962622842133355 14.59340254496126 
6.049394144891976 -5.7453705613440444 11.841688538993852 6.324886729847354 -2.8861807058346187 12.600095317251682 6.996336395266755 0.1423640262751953 12.927315250965435 7.214426144828371 4.322410603173298 13.662635411334387 7.020616098071278 7.234641022094155 14.089778137761117 6.976173554951539 10.436963787711779 14.00005262581743 0.9321175227957769 1.3868635447712627 12.987776449358435 1.0142789647939308 3.628827630324137 13.458547445729618 -3.2414830655736 3.868192284877527 13.984683358908665 -3.4319271306754886 0.9046192901143549 13.574706062426122 -7.475520040258983 3.9650005860043636 15.273360502023205 -7.669343129343174 0.46137132464812974 14.585536352160227 
5.38105163216966 -5.692308104968416 11.819038150254169 5.993655280838569 -2.782751861287516 12.564558846170138 6.996336395266755 0.1423640262751953 12.927315250965435 7.195665915027652 4.287732688115828 13.547144840269738 6.506202215259151 7.201928276838436 13.864475327416306 6.224434347539458 10.416317492930403 13.9192728716806 0.8824276617185096 1.386132548276931 12.991653887537314 0.9653190645310661 3.629476976126242 13.513436850906041 -3.233355927350421 3.8678393631884025 14.042394147394848 -3.3953138286321036 0.9156933839449517 13.414333661932488 -7.475520040258983 3.9650005860043636 15.273360502023205 -7.683112227571488 0.4630614450828811 14.5778092969317 
4.567959809792179 -5.691041661955427 11.892543359510256 5.50278891900714 -2.7632178611697915 12.709335672462998 6.964103448609216 0.14251607449160172 12.927990345897845 7.187576979150666 4.128977231949893 13.649429565050209 5.953363643261869 6.868484572085008 13.782117707654372 5.2512363103318 9.54298016143271 14.323356481170018 0.8119860387155085 1.3102416049543768 13.184434776785992 0.913661137939543 3.596026430429836 13.616950825725242 -3.2501351412807455 3.90001313019875 14.057787522309773 -3.3950979734006412 0.8855450106134761 13.397185864348042 -7.456834006629199 3.964760373394488 15.267714201719128 -7.652724071602794 0.4812502134822593 14.395343019590932 
3.1655510335509067 -4.291068377386009 11.67538632272741 4.86834451738835 -2.309318247963553 12.930436075998987 6.784645252058141 0.13410150532881637 12.942208158101055 6.988436082576079 4.122362061355618 13.606719821499341 5.15881120109393 6.443547741895925 14.011737492606345 3.3609564991031293 8.668223618134961 13.52211708628801 0.5739776587390474 1.1589654530765137 13.807069331507508 0.6563470686467314 3.493933948874764 14.054937450743072 -3.4498322566892434 3.8915876880789058 14.13997859415693 -3.463234514183671 0.7928837870185201 13.321533439646192 -7.468630308090623 3.9627426840338154 15.172057705260336 -7.643909518363933 0.49128959031644365 14.28736614675354 
1.8805915787808078 -3.45335424520562 11.86792081715663 4.048089064466229 -2.002586306206069 13.234813992220987 6.250952991112842 0.14933314631517372 12.840943955313705 6.417930763976996 4.133543175137301 13.60549487602699 4.150701854105924 6.141290515642381 14.044220727348064 1.7749778642701677 7.826314939161396 12.857331117650219 0.41802944187437424 1.0445274349407385 14.198650909540001 0.5006286049241069 3.3798712355850817 14.523746596676418 -3.467897932030842 3.8909344556437055 14.147118495347907 -3.455252554205518 0.7377054858810138 13.231550967990618 -7.455870125836355 3.9615024483873857 15.11873152725637 -7.643909518363933 0.49128959031644365 14.28736614675354 
0.5526968263188687 -2.543247649349882 12.178574640416112 3.104905100547767 -1.6659820352026888 13.301746493708515 5.506332774350793 0.18168649195392425 12.678149409320529 5.659082908076669 4.15483011957933 13.488288858076418 3.1851419135516537 5.812685352257822 14.163949450657451 0.517351322641746 6.647544600900475 13.0476387318575 0.09128375805442245 0.969891607789429 14.453519474978819 0.17911154864509396 3.266063302242303 14.782153715464716 -3.5128415690526844 3.9645503152679944 14.069898174955489 -3.4041785496413506 0.6822486700964282 12.834363923536921 -7.44714876043688 3.9932650769575133 15.025927756142588 -7.643909518363933 0.49128959031644365 14.28736614675354 
-0.5161670803667151 -1.5884532531192677 12.325581786992831 2.245201712074654 -1.305914882189593 13.27825988137689 4.826935398992619 0.1914544378154077 12.64473120456127 4.920245825863129 4.15190799282835 13.347121387313056 2.295242254664633 5.489551739913538 14.165190487181098 -0.5975247810198556 5.740428520616173 13.050480852202435 -0.34876066107017717 0.8241160131546958 14.796898747496687 -0.2256350200489476 3.0513556515811113 15.234196830598037 -3.6158236862244255 3.996299974348824 14.105143111258926 -3.391115982459492 0.7237342008177003 12.398082740618783 -7.453204944294428 3.9921668733506093 14.979090945682538 -7.643909518363933 0.49128959031644365 14.28736614675354 
-1.2562017741293663 -0.6568331412844183 12.490745539978933 1.4146929103107924 -1.1750684000977218 13.456993083069367 4.143195744602558 0.21854165782502813 12.631646175818164 4.191650672267813 4.17698278322357 13.277535619065356 1.4210423689152636 5.52156683162989 13.951518884471092 -1.2609801517601569 4.9991746773988694 13.073257314322111 -0.753870723522237 0.7527543540410478 14.951568981386819 -0.5967355752536143 3.098993104175511 15.285582666139952 -3.518773200404567 4.075776619130661 13.876073419415174 -3.4130050525931797 0.5811159688510315 12.601403995207054 -7.413807821300319 3.988640581384421 14.881309824561589 -7.629338469724141 0.4967240791705587 14.22977729285609 
-1.717361412712969 -0.0704350983876896 12.740858652293536 0.8199982953883679 -1.0985000092754083 13.696115338939986 3.5323350781891376 0.2628341243723453 12.606621580747689 3.6288151367454224 4.138501979115846 13.286618042210463 0.912480903871844 5.4651792873896845 14.147065647040547 -1.5855377186829243 4.559072460370217 13.526959457868502 -1.2267568505482742 0.7200678916503401 15.200916319899678 -0.9994792898190971 3.0807732536698893 15.536439285039652 -3.470405965129362 4.0724586510044745 13.652587431620699 -3.479842023948686 0.5819063026145406 12.64113282179045 -7.4012653708066045 3.987346502199661 14.828855993720227 -7.663977519893135 0.4590016166977232 14.279239594967386 
-1.9400188491611583 0.15706628458831645 12.736643607196031 0.36208478002486233 -1.0858466241068332 13.775945464414248 3.001382569673392 0.2792883364074921 12.694178165427711 3.161561013360448 4.094391662378988 13.35640232508014 0.5602332778535984 5.546314478847498 14.267292971391592 -1.7924544256408865 4.710774403124994 13.405844467908006 -1.5367952872697692 0.7092856923749252 15.39231456201601 -1.3151875077427542 3.0921256351647353 15.692927030648699 -3.6596274498975974 4.142749204701448 13.97403078631726 -3.598478571074523 0.5812251370866159 12.690116425224037 -7.360685137460686 3.984102072063447 14.791903483920153 -7.678616094204017 0.45349507734693534 14.336987888446355 
-2.145238636506652 0.22499485900273775 12.719308412926004 -0.041993036293795374 -1.1478606024909852 13.844543754080187 2.596986831996971 0.28142179540176593 12.846817866714657 2.7427107088744545 4.055961039508193 13.464700984760363 0.3663538987850553 5.645597834375969 14.503194991740003 -1.948507984000182 4.697744639603057 13.569981801396061 -1.839873261516754 0.6940567114300347 15.343683807394154 -1.599962452861469 3.1068717649878685 15.663948974711028 -3.6746102478918448 4.210573735683518 13.799697566210705 -3.6905480706119573 0.5873195192715183 12.67728595962381 -7.3531731195487895 3.9819004803944877 14.754190491329142 -7.671710573642484 0.4561426781799032 14.321389672627038 
-2.2489026621764716 0.20548268726512575 12.8594792807256 -0.28953118321081045 -1.225571198496259 13.93930867138699 2.2503671836089394 0.2838753014293595 13.16148369362147 2.3922420361757153 4.012276732987928 13.912663593179527 0.031874582434620956 5.68906063405858 14.902704796622368 -2.1143094989559357 4.652210714908097 13.788960771918456 -2.2538022376258278 0.7379881013900813 15.351201565156426 -2.1007013929053526 3.1203273495635546 15.712264512897471 -3.6117458247906233 4.184004116591777 13.61956863061126 -3.698480062122832 0.5822384202106775 12.731490293984901 -7.340808912836226 3.9806030874731197 14.702143299137008 -7.671710573642484 0.4561426781799032 14.321389672627038 
-2.287719507541656 0.15191144158484352 13.105260423950876 -0.44317631398286333 -1.320291306528548 14.108414353242948 1.9473806181047533 0.2430639448694912 13.579956322423701 2.210069370259519 3.96201425248281 14.31723567762574 -0.14505629435985695 5.679535529459262 15.228861613819843 -2.1375733902494263 4.684642765399117 13.864918883514584 -2.5548553800343248 0.7260564533117182 15.546336736650503 -2.4034415458947396 3.1276587164288445 15.824358247112349 -3.6258472846707432 4.208145523198321 13.387304304893513 -3.734996917910473 0.6493750509729741 12.667441824939896 -7.354689057251542 3.981635100124038 14.69419245207905 -7.657522767740833 0.4929645715960702 14.279717601738163 
-2.3242185725907123 0.1318026647956893 13.281966026862477 -0.5140849518544011 -1.3875758627726735 14.421271944984689 1.8275839272394487 0.19452218266346288 14.106992510556083 2.0760437138934194 3.9133607048653074 14.835434402861207 -0.2590813160901009 5.6449422357846615 15.577008124523697 -2.168903871851609 4.6919770277967165 14.020407191375579 -2.7059025254629234 0.7395437101424088 15.818498764459864 -2.5647762129178044 3.159076906176401 16.035461071129834 -3.6061121298196595 4.172749383294862 13.336066025304458 -3.7755874545449464 0.6563065707934637 12.64666982642927 -7.354238225254939 4.014985163541875 14.642087138167845 -7.6230369461910215 0.5305257268201284 14.230579988535297 
-2.3093720270534916 0.14169262226219814 13.47351615127394 -0.5520237904342006 -1.4564048045684472 14.869340931169644 1.8042072854988598 0.15574004814908599 14.523347847375796 2.1038031963314263 3.8296367986851005 15.226864887554605 -0.33084475037334415 5.506088702746709 15.977011876044687 -2.1153190274953237 4.661992631158121 14.11450555232789 -2.7115429596838325 0.7400301225074596 16.174694511268445 -2.5907107572843198 3.1567317884143407 16.454240391709035 -3.6305287844382166 4.17784553995885 13.30852864419461 -3.877620170568247 0.6565468412343523 12.760134204940494 -7.366618216476401 4.016332136709701 14.693963974656617 -7.643813832218268 0.5610027433848461 14.254130004224844 
-2.2653012545700797 0.17732121231277384 13.69637226773533 -0.5682048642500465 -1.4561034996197326 15.303861501193396 1.8650342505205564 0.11223884788011314 14.952488016643596 2.1159773132773365 3.772804352805973 15.712407480270475 -0.37679243492067693 5.257631122155979 16.43934267423395 -2.1337729797321323 4.608539670916492 14.287807493321981 -2.6345717357862326 0.7152340410806702 16.48505151836066 -2.5929993554757123 3.1197712193398157 16.80525415685184 -3.560862896268598 4.1793456389307595 13.285244516401944 -3.8425285083001217 0.6175936721677496 12.845281775763217 -7.366618216476401 4.016332136709701 14.693963974656617 -7.657476546251766 0.5625987782606999 14.246657267313484 
-2.187922637141398 0.15074717978851127 13.929353118768315 -0.49112832476354035 -1.3706999354453926 15.600975632884612 1.9916387376316784 0.07528519550632137 15.271538548294965 2.228033997504283 3.738807895677158 16.11861187420426 -0.3363470245249335 5.035602916064845 16.919774678442653 -2.05995932348756 4.546223075987755 14.491475186042118 -2.596437606015328 0.6862293283089392 16.769498354911544 -2.524275946374481 3.115289378437137 16.99605478303295 -3.505136984981812 4.184142608572797 13.362219090807956 -3.8118873716453208 0.6048481026215687 12.994553165812096 -7.3478806821669105 4.016185533687266 14.68756482665616 -7.637217947424374 0.563369428878056 14.23926560609125 
-2.1495078384054342 0.1679655009294667 14.024194749511382 -0.43561606903800665 -1.3250199179788797 15.948868838306996 2.0544329639100547 0.03669226091945259 15.65223951154871 2.2911003201423323 3.707643755828718 16.52658187371199 -0.3347834861179675 4.9486152675956125 17.24140326396716 -2.000625443313492 4.512982100952416 14.53671166027138 -2.597074989857554 0.6555154923844354 17.112650638191433 -2.5056346487361325 3.073034583247053 17.312574754642768 -3.4740128754428645 4.1973081934103265 13.631178691443314 -3.76472377052391 0.550384392429666 13.241118774084027 -7.314888372265984 4.048314033072045 14.637010170091694 -7.617026008247948 0.5640935785971898 14.232032474217593 
-2.102274986600123 0.09412893171891688 14.416178832829688 -0.3856882068216371 -1.3439678310465082 16.080563589008737 2.06305176299096 -0.01567839578907816 16.12003263281085 2.2842123025077696 3.7119900797561964 16.89123809377155 -0.3460786164605256 4.964801175140347 17.53399731964194 -2.0072035812815847 4.491909653356844 14.782898433090748 -2.6006804338418745 0.6372654579682152 17.31992237065112 -2.539261333338211 3.0329014973395654 17.627017987007296 -3.3982269005915495 4.2055932965136025 13.808905846464837 -3.651011327427433 0.5247180796251196 13.47097227372506 -7.328910794337238 4.049251794856985 14.629516174055906 -7.617026008247948 0.5640935785971898 14.232032474217593 
-2.0811296588133996 0.028390498884016388 14.706174972231011 -0.3849539261150082 -1.3906870418491468 16.37011093872074 2.049530528686742 -0.0066779708775621715 16.344972367824507 2.2424312367967922 3.7219454767867437 17.248803565423707 -0.37237159071728315 5.013596193727827 17.78208274670138 -1.9799473876640228 4.50301875463048 15.042271057770947 -2.58402384507234 0.6203004409286788 17.522603208075743 -2.5743508367450407 3.0339181364788312 17.80971124010719 -3.2908498965376407 4.143821258054213 14.17044353612232 -3.496009720862771 0.5212846643746325 13.783723594612455 -7.304149681191656 4.05025358344654 14.669385031839527 -7.5629523576228745 0.5640063204677633 14.224924231162278 
-2.094328610778393 -0.03792857134532805 15.00132017964674 -0.38411372443167746 -1.4386301796012024 16.665012111599253 2.0205914899752337 -0.0528111937367118 16.760337670362823 2.268806153397117 3.724293886371056 17.563937877429325 -0.38160549149361145 5.060803715563685 18.040050501597335 -1.9778988241959279 4.479430383217269 15.368846926805855 -2.6245334401198046 0.5876320787468828 17.933160195365502 -2.5883609341895766 3.0303613602915775 18.135880230761305 -3.252502833540619 4.083933312564514 14.471265898752549 -3.409038568260391 0.48638559134220305 14.092643274234376 -7.316523618634131 4.051645869547628 14.721404166697718 -7.577486582813361 0.5586504395727926 14.282587655920045 
-2.0826880179212632 -0.034449163410148524 15.270896689474327 -0.38235036080499335 -1.461828813564113 17.048246348121005 2.04397630128196 -0.08396164126476564 17.039767184993796 2.2937864784695545 3.725608303754242 17.820620518122492 -0.33680898445550883 5.074203427748938 18.277094880214715 -1.983434803617495 4.491753415581543 15.634586468402388 -2.607668285327142 0.5701569551939775 18.14168388435724 -2.5704908490223852 3.028214595996254 18.3310187365738 -3.2414243935779625 4.0474588270604475 14.597805544383597 -3.33103096152228 0.42394834322849734 14.374080295539844 -7.3289293986044175 4.053040754142052 14.773553545801759 -7.503897519456919 0.5523623177797934 14.33355863077842 
-2.0806920891810763 -0.02178962460343414 15.474257609725173 -0.35985019222487113 -1.4829761769624803 17.431551181927315 2.054563868562363 -0.09376474916917979 17.477523289767653 2.301282996563522 3.729770792625899 18.073357569620164 -0.34255141016568796 5.121992383946296 18.46424543595262 -1.9779401742821574 4.504738250909117 15.966142448948634 -2.617602982425547 0.581161020863842 18.445045266933107 -2.6213374488163477 3.0257409920924743 18.66330081819354 -3.2116618092247955 4.017827623551933 14.743892506821743 -3.373428370509399 0.3295324544028399 14.688371488688345 -7.337132160475096 4.055075540232317 14.812971100948557 -7.478779186432091 0.5413225072939838 14.443231903246538 
-2.0940621517311957 -0.058028548276386274 15.800197714812784 -0.35385065406081156 -1.4691033585758977 17.838496903887716 2.0469002225401565 -0.05950712782808278 17.865772220657092 2.3126828995418123 3.7360973057271063 18.457664753182556 -0.35259906992531204 5.1331748640052215 18.723926681027695 -1.998007214391985 4.479316888577258 16.181615067985256 -2.603429911687361 0.5956338003716183 18.68763375089725 -2.62546325302213 3.0197623243465213 18.882085126570104 -3.211214616641282 3.9850908676778873 14.971314672649223 -3.336165079384664 0.3041292421625331 14.932209086905292 -7.349620522656087 4.056469531380862 14.865398348138628 -7.493648575897128 0.5290955432788642 14.566865617892713 
-2.0621087662605766 -0.084884114992906 16.05420949726324 -0.3657107016965593 -1.4787502064287288 18.15915927729318 2.0710517571727425 -0.015854521805992675 18.125386166862167 2.3203882089224233 3.7403711713936336 18.717404019373024 -0.3618406848876435 5.147671101993873 18.97190661346586 -1.975472910968085 4.480249324078428 16.30820360288888 -2.6791306662792636 0.6012177795947203 19.075779319534096 -2.6868714284068496 3.0137201748996665 19.10925077040734 -3.1629101779807307 3.9823986637537896 14.978628280270447 -3.2947616027126108 0.2804148912780427 15.170847243903713 -7.349620522656087 4.056469531380862 14.865398348138628 -7.459389831473964 0.528327133175572 14.566903977828801 
-1.9974401863303386 -0.11640473130706078 16.322513030970693 -0.3539448449689336 -1.4360383780716746 18.359680175398655 2.0968354399356652 -0.00038000378113291374 18.35616326186249 2.3079359437541247 3.7464863552933467 18.90706969911796 -0.3486537881098005 5.152659388266663 19.105346882123335 -1.9460434057638718 4.483881685976757 16.557086283219913 -2.6439365594149775 0.6325143568402571 19.106775885605316 -2.6959660855531564 3.010067090354024 19.191611784715565 -3.186287945934083 3.950725986884864 15.143281130713175 -3.286656283154634 0.24130864475896807 15.218786882401414 -7.33528328297579 4.055614485513802 14.872462838221804 -7.4742089902239055 0.5160033711606358 14.691331561296042 
-1.982262029665291 -0.14209564972658906 16.53338775773801 -0.3212623371598751 -1.4242256758283376 18.53315202990509 2.102853994753039 0.013148221348393939 18.594347669722065 2.312299262165874 3.786039394055034 19.047711481001926 -0.3711793756355718 5.162316640397258 19.222479692935273 -1.9299143389206053 4.481891351999132 16.564762817412827 -2.632922587892408 0.6610536014403103 19.20237833606071 -2.705144351050586 3.00628331528649 19.27482991973942 -3.190179050870124 3.914704821772466 15.146348044215072 -3.279007959529575 0.21972649383676787 15.415214583002559 -7.2531887719138615 3.989403385397511 15.195316690344887 -7.443840031556273 0.471953052752435 15.122789164139364 
-1.9574130842970556 -0.1570713507084174 16.667325751376715 -0.31762935947660986 -1.3129394799593315 18.52348223316259 2.105381480656766 0.04093463764318487 18.68683002519391 2.3142292016198254 3.7872050252023772 19.11392932996839 -0.3544458615770372 5.12188649537862 19.22725843619093 -1.9196480683674824 4.446794561910661 16.622437043926652 -2.6050830782770005 0.6501010362718768 19.291784302126057 -2.6316979039094397 3.038179670734624 19.30292186358923 -3.1841365152345693 3.8847508509361863 15.35662969046799 -3.3382866131089393 0.18735936534026074 15.736470697109112 -7.204983310863363 3.8191924948491796 15.625408875026523 -7.524238500515511 0.4197453772416403 15.646791211400748 
-1.9210680597380843 -0.12490327640405569 16.68624771875688 -0.2789433912471049 -1.2797977159389133 18.545101142565713 2.1269900017081365 0.024013777551989555 18.840048913222446 2.3142292016198254 3.7872050252023772 19.11392932996839 -0.335723161877539 5.122818352411713 19.220911975416545 -1.8989016403595738 4.442434259472122 16.573264256736888 -2.580329856114206 0.68933039676208 19.2428959126066 -2.6379970353170576 3.0379237916169894 19.37029717881964 -3.1812779989186795 3.8195122142309446 15.442740232965376 -3.3625113107744826 0.2147377053967417 15.814105117818645 -7.2089995788543995 3.7511237450457613 15.903846626810747 -7.539764437389482 0.3991504248440965 15.848104125417215 
-1.9047432157924307 -0.12719968658240555 16.692095143496594 -0.23497069531944817 -1.260079049986321 18.39387608021279 2.1251776163240828 0.030984263459223955 18.766133234655918 2.334600736040653 3.785483266851033 19.187445175825108 -0.3544458615770372 5.12188649537862 19.22725843619093 -1.9105806555232905 4.376052009795963 16.67311019787041 -2.5623741010742926 0.7231978673065474 19.266631192941272 -2.6206475778727265 3.0354273098209994 19.379619433957558 -3.2121105511897854 3.7550274426936197 15.528391780743778 -3.3625113107744826 0.2147377053967417 15.814105117818645 -7.238371790111178 3.7181983717736222 15.944030412041657 -7.5490031954547545 0.3809244218488491 16.035802383012992 
-1.8991599593852042 -0.12011910871250235 16.62493977969738 -0.23246822270903528 -1.2834327482129513 18.29683519472236 2.1415532919767744 0.04712305342927317 18.613477349504084 2.3306640189706194 3.783156129136354 19.054788602362745 -0.35095849545654206 5.15632345727586 19.168088007183467 -1.9220776635102592 4.375919404343424 16.607793137271944 -2.541311998113055 0.7251162537406045 19.25826521842737 -2.6004786582716446 3.036630226438578 19.371807615022398 -3.1911745937204694 3.757686302059976 15.511439450152784 -3.3897957434473214 0.22177050113201185 15.75011247142376 -7.225264863084818 3.6489467352543894 16.156537559642267 -7.507730324487696 0.3935069850354727 16.248896451729152 
-1.908009859508913 -0.10771704653824421 16.497503765905954 -0.25014660382512016 -1.3143658226803057 18.26972746749534 2.1379048323142174 0.060908063989737936 18.467293789725193 2.3473432240417025 3.7836265584630437 18.983114908448904 -0.3288355337153216 5.191556040116408 19.1028038457425 -1.926740458796389 4.378116562697568 16.665147900996462 -2.5556738224575004 0.7283750739203722 19.194360365459485 -2.576916882429185 3.03438504551925 19.313722644135563 -3.4898376798723945 3.7273831648807603 16.193272013315973 -3.4206946610146103 0.22648808203542653 15.6955699191905 -7.246779244433277 3.649579508502508 16.400036087754337 -7.523059332261634 0.3724642496904109 16.45597500642109 
-1.9186070453198154 -0.09833041810919864 16.424926994275676 -0.2568548318390512 -1.5016936538088714 18.30867205272516 2.091097816388364 0.08360819290833696 18.188998947778483 2.3374943196005855 3.7778744074862702 18.65559630569274 -0.2889778722577901 5.2243548443677055 19.046213975321958 -1.9220776635102592 4.375919404343424 16.607793137271944 -2.5528422644153412 0.7284945306980386 19.140160101976647 -2.553455517623262 3.032097915658085 19.255970939349023 -3.4451118256093887 3.6928503488840256 16.23639764394288 -3.440265177886813 0.22560908516199338 15.700466611771377 -7.209903107399 3.6141817326842713 16.379360021800373 -7.553163509039176 0.3607155039434983 16.584257962534746 
-1.9347775251058608 -0.09601869355973704 16.419045640053806 -0.2962616504829383 -1.699137810043235 18.171861710759057 2.004277584741025 0.024179372191295907 17.70345905781278 2.270648629882225 3.7341429846227 18.263464203218707 -0.23989136163393468 5.324050920166323 18.797439667745273 -1.938213508583507 4.3779586076089485 16.599967590984384 -2.4938416118390405 0.7476234559880499 18.962317699201034 -2.5071416100484054 3.0348277502083114 19.17312847949526 -3.3554901664541203 3.6876534559671406 16.067139397202645 -3.451689900272875 0.23089944182129937 15.64213355169129 -7.2248463420845015 3.5793907850597417 16.429168716726558 -7.568286644278451 0.3548110098207377 16.648695114722532 
-1.9737359636728555 -0.07608481974621918 16.227073603170343 -0.3583102213198388 -1.8356384702691115 17.65747943156088 1.8772006844828117 0.015796548291480396 17.050091198924022 2.1298259488086355 3.6917765830088833 17.74920879194103 -0.2260589181604102 5.416535484672506 18.503549850385344 -1.972665114645287 4.379221674848606 16.598549002623223 -2.567114624914546 0.7849604059729426 18.574516845733346 -2.5145751456916114 3.044268475593634 18.87296410163551 -3.3706073313544844 3.6546128187246887 16.172461632655416 -3.451689900272875 0.23089944182129937 15.64213355169129 -7.220668946858424 3.5782403472687374 16.56059361488867 -7.562112391082264 0.323444256649817 16.617530938232864 
-1.9982322382653435 -0.06160809132986993 16.096175308193587 -0.421721117447622 -1.9778174291366935 17.219619722709922 1.7405275416465211 -0.04141794756541852 16.343484970085818 1.9897969587021294 3.6178993284637353 17.10030758913705 -0.1555285888987079 5.430609935152948 18.057946173252176 -1.9745467448459484 4.374660458270195 16.41974989837339 -2.541283744748662 0.8509879784111769 17.77720630805254 -2.4755719572224724 3.058171106095464 18.298324450968405 -3.269002981081385 3.604274966873596 15.571965353470997 -3.5618229842600115 0.2300411156249437 15.614100708238535 -7.252843634201782 3.508775178817369 16.59526642490103 -7.592568581962264 0.3113919450088664 16.747101304205447 
-2.0363653797244754 -0.16992748223896142 15.830708300315646 -0.4235861555933252 -2.032297241783141 16.69266046188698 1.6938365137939388 -0.07304407862342951 15.689514937857124 1.9400612172574805 3.6135118683404905 16.366500002828854 -0.10307940516129868 5.436371197996465 17.581983297544106 -1.9656432398201058 4.326049182986705 16.079881754460455 -2.46545239973851 0.8467739461973343 17.398829623098596 -2.3554053868044127 3.0297686794641114 17.805403719884918 -3.2749995352674692 3.530757908069106 15.2902438033286 -3.615371433818957 0.21175097015156388 15.470773521378403 -7.252843634201782 3.508775178817369 16.59526642490103 -7.577316516594343 0.31742838537820367 16.6822163632917 
-2.0501607034455853 -0.2598151924738299 15.714153610468935 -0.31035274976578864 -2.080826678041244 16.297539617525015 1.7203360111045223 -0.049164335051600276 15.154425213988288 1.9922302761896495 3.57150311200601 15.58974622654776 0.12218955715632718 5.406036096034286 16.52518907053791 -1.9395145859684395 4.3094264481752464 15.57397032744811 -2.34832752708971 0.8464220229896857 16.962073697390558 -2.169071577085234 3.0372054189696187 17.391267615748845 -3.25763842831907 3.495894473476536 14.99799694274374 -3.664521386901961 0.16442315576851843 15.26147265286276 -7.267857853172435 3.5099704668480824 16.587099122929388 -7.577316516594343 0.31742838537820367 16.6822163632917 
-2.00289584790394 -0.34004502114826735 15.525273193166822 -0.04414683647530076 -2.0051024833061066 16.033385260474297 2.043427119556987 -0.13337572873421727 14.964288273692283 2.3312126526882593 3.5314064078667466 15.57488145256768 0.26309930352344113 5.382709855638122 16.320264398133407 -1.8541280434696066 4.233502221616831 15.327433743084795 -2.0177338656665547 0.7585465519958755 17.070188589152288 -1.8264041828707325 2.9555598792569837 17.563028096026656 -3.293022677968953 3.4299503510623337 14.976834241385225 -3.7474370701879787 0.09206578964479331 15.30228754454167 -7.269958249715564 3.474361583716909 16.57953532955724 -7.613867773442186 0.27644309709607384 16.739302186684853 
-1.912832684212787 -0.317616323968979 15.370600655480446 0.33469064068717547 -1.908621071644127 15.898296883405717 2.791557299969017 -0.14498937270565831 14.505430993834242 3.0975060891918256 3.528117930500444 15.202516555328422 0.7589761144909318 5.171909714743242 15.839996749230203 -1.6854437223602927 4.157174038680247 15.078364534453385 -1.4624896538015868 0.6006731640039547 17.186042341189502 -1.2365370254893546 2.908460565982629 17.676397964616434 -3.2729049759675815 3.367450631444898 15.208619954814894 -3.711826627614603 0.028038788439963915 15.265224110768722 -7.280877511177755 3.510459974269664 16.645097201646436 -7.592611649103113 0.27731123176355466 16.731618898162623 
-1.6850274100498337 -0.3027943499293096 15.27269625283276 0.924536613337269 -1.8714615365060636 15.887405334342077 3.637718575582803 -0.24721814518657753 14.43554128235662 3.9439388384911083 3.4720946731817897 15.095014478549922 1.2089964917381721 4.923296775348566 15.322060977894 -1.451326653376564 3.9930411109561774 15.22639231801751 -0.7547796568476008 0.5153476880968438 17.111377186144907 -0.5020631182548335 2.8413015594681674 17.657302283611592 -3.10402395890691 3.395421891129271 15.223055104022057 -3.6100503838058504 -0.02399308694005112 15.346995964325139 -7.293932797838451 3.5109497472536217 16.703250470661857 -7.592568581962264 0.3113919450088664 16.747101304205447 
-1.2550935729268788 -0.2726993834394406 14.995837952636117 1.600205303251924 -1.5069503063895433 15.472186435931759 4.414103829322891 -0.3216197503900086 14.17529909168503 4.734185487313951 3.4421744644128713 14.67042728262515 1.8154871497726959 4.59204117951915 14.926360994136505 -0.9924326113247668 3.7929823885186136 15.352686915116143 -0.05915562091941281 0.4596246940007287 16.596434965674778 0.16363450077407182 2.7552639534957346 16.912081146874655 -3.123577539115277 3.3966701193742814 15.389703977741705 -3.5996888369097997 -0.04453288004018675 15.534719996772257 -7.291776374441018 3.5467050265631865 16.710627853449086 -7.592568581962264 0.3113919450088664 16.747101304205447 
-0.5055359869512258 -0.2508915820947804 14.730839280944297 2.2046289415331746 -1.0717712186325297 14.712072555432865 5.079724418101314 -0.3482240739458217 13.872641085533479 5.310669532627486 3.4298754377500984 14.512982954122823 2.300861867953584 4.232729042256945 15.088897335858254 -0.47877903442676867 3.6840404495362096 15.196192445287169 0.26542614860811303 0.48575959469953683 15.855476879713082 0.46504876440494897 2.760088471610334 16.003631214688713 -3.1957273217741307 3.404315642749616 15.590598171237692 -3.616357675725045 -0.05788444318055526 15.66117512423496 -7.291776374441018 3.5467050265631865 16.710627853449086 -7.577316516594343 0.31742838537820367 16.6822163632917 
0.30504067924930767 -0.5177326373466132 14.766195337491855 3.11066667447702 -1.1370433678357577 14.61118484677051 6.0000739444434625 -0.43628365558506627 13.781986359451004 6.197818437002718 3.275060199358002 14.58500587646954 3.282829475639042 3.927782797682747 15.411051639977611 0.4633773162647506 3.683324221488694 15.123001755170861 0.5110780130375899 0.40433463633742217 15.502973362557634 0.7511637142217374 2.604934057476775 15.930742777727469 -3.2353291533308863 3.2703291320847785 15.712131467316109 -3.6249082320302057 -0.03246145370083419 15.743059357891175 -7.291776374441018 3.5467050265631865 16.710627853449086 -7.583553742121311 0.31479769857023643 16.69798407721789 
0.6653148500087688 -0.8425337169168281 14.59400557058474 3.473710664147602 -1.2314001212018428 14.491770647176006 6.4587167450562 -0.5977562704118757 13.88981096073923 6.728991407340569 3.1142287809190403 14.617798783178907 3.8647833760641936 3.861772741170474 15.623612561373582 1.0311417769148694 3.690407182211243 14.936982033994276 0.78256409410926 0.2313693678035091 15.428712364433247 0.9410106039531547 2.5366418465734935 15.613945483323382 -3.208477513752858 3.129522891201526 15.685406713348462 -3.563311919946123 0.03640040413609051 15.677542149589717 -7.291776374441018 3.5467050265631865 16.710627853449086 -7.508824954107904 0.3210462903439517 16.594167232608765 
0.8051068869309111 -1.0694177866388095 14.181376887807208 3.5139016725216883 -1.3803843808933778 14.38271323702391 6.584202728740307 -0.6799567166447295 13.814616494238456 6.93401416994036 3.0460182696067557 14.646757403558963 4.072163715970046 3.846658543037831 15.707805059529521 1.263820331990249 3.7426533899894023 14.636718240700535 0.835372944463683 0.14609908605243932 15.298480154923991 1.039492222348778 2.4617445007284697 15.491664263871668 -3.147147368484294 3.02427149183365 15.384706591536162 -3.5483765670655725 0.06562301644690184 15.70422028050292 -7.097551059428872 3.394252492239606 16.54410265428399 -7.413502794946774 0.3617480834343728 16.499037923808697 
0.7613769543574068 -1.3057839709012682 13.731309167277029 3.4090829829749314 -1.5275011204985387 14.112793057056763 6.506897729223667 -0.6788593104156815 13.551160569472305 6.905084267093021 3.015989121180411 14.462447545577254 3.985553263098555 3.85080998490792 15.225600236139226 1.1855755188002126 3.8731898351341734 14.288999438995118 0.8405043491559782 0.17682690876071183 15.034383490489525 1.0415371638337638 2.438801708899796 15.231156804862097 -3.0975600613528806 2.893411666431971 14.891522960912196 -3.5199321733370073 0.1063989253938498 15.65012189904505 -6.911043571043343 3.1467458953125447 15.89863391655677 -7.392056490545545 0.36295934843871414 16.490344485304725 
0.7154052803083691 -1.4327516221127101 13.19023013495936 3.3876416690389237 -1.522159085788389 13.73339322513574 6.50429617229154 -0.6797454276906887 13.395132885691748 6.867989494554339 3.057441449349885 14.13320053887487 3.901239033213989 3.8200127345828663 14.979208521677599 1.1210940003792678 3.9634170270354687 14.121723328803524 0.8304004828284904 0.24027678284067502 14.788450917380096 1.010770496628916 2.4510239594373275 14.930050882609725 -3.028877215774002 2.8696066320531153 14.163069624315229 -3.5350813746716345 0.14147925825239088 15.659697389849947 -6.702641904818247 2.8545967390424045 14.755660507132045 -7.530242804078294 0.38013689906571646 16.706397562337877 
0.7271274046380317 -1.3127334318782882 12.665222897281705 3.3742447935096753 -1.45352185691567 13.302742734060294 6.413644867546725 -0.5687797827374368 12.971599209832213 6.858573568014305 3.052505721013298 14.084334967983336 3.7885645579428635 3.782515004309572 14.809968766015453 0.9790668106538168 4.119858265402034 13.92021994604613 0.8147284900106371 0.2926598012123991 14.569224116828401 0.9938192796891646 2.483241859833164 14.892247272376226 -3.0544280272567246 2.9161798939857735 13.615550053862021 -3.491789049720343 0.21135256224699098 15.632132140105567 -6.870363123161019 2.9825510248931475 13.67574455159429 -7.457490777440897 0.39398633132420946 16.560739437889733 
0.6451446080874735 -1.0659709813917313 12.082052816029199 3.3626151829322075 -1.3607245761605808 12.906657916598895 6.346156255647417 -0.5180675346033368 12.566239787576778 6.68071578688348 3.2516741111908476 13.616904394670655 3.619229142890203 3.8564525120752706 14.479546774036283 0.7976174576487333 4.376261961945993 13.623309409368169 0.7641785193450472 0.30874872577416 14.39421484657972 0.9106143189160575 2.519767376502381 14.74013330536355 -3.169234355537397 2.9873249907629145 13.277196155488088 -3.5515450418447267 0.28427659402297883 15.560409926811914 -7.013281779028341 3.356494318201141 12.305330288349312 -7.644196338296547 0.37149066938967373 16.341954756138232 
0.6248572567142453 -0.9899481012025204 11.623079501414262 3.368317208719804 -1.123189037105616 12.414143947111155 6.277854362940243 -0.2580408036551137 11.9572843244563 6.516297856583451 3.4929282865504137 13.04919139193739 3.4759307043247047 3.924164246083592 14.277243717541213 0.719235755430036 4.465630886070219 13.56877069549031 0.6530227367011604 0.4079852219979152 14.07088717852423 0.8188822513428505 2.6331176764911777 14.265995985903295 -3.325483418754572 3.3162198692058924 12.506664188922217 -3.680564542326222 0.31156443030129227 15.563688891829955 -7.26411109413549 3.875289101328004 11.157420737519509 -7.779296836525488 0.38445878517790605 16.08283658349262 
0.5769806916710891 -0.38638263578809884 10.641878494212047 3.2241361031461557 -0.6962124743798433 11.71321586402757 6.099036333988021 0.21252545033806652 11.110366305521953 6.266340827367002 3.963031313910833 12.360469551019905 3.3343928707180255 4.249215608704144 13.631132339753012 0.3347836748549708 4.692859317602816 13.265968704303514 0.6012577786297884 0.6857959174885154 13.45222207366204 0.8324747903158123 2.9618026505023205 13.742690959397706 -3.41601025171884 3.6325630683174435 11.838383611802973 -3.8130763733928896 0.35272311807104334 15.520817467102162 -7.373539025998383 4.102571441511624 10.527202974861993 -8.06290641351318 0.2549129625439864 17.615984546518657 
0.5875822469987396 0.12574117030922666 9.901767528189096 3.2131093187889532 -0.2405109970852967 11.087152482844905 6.110844580259148 0.5813727606235539 10.561159515136554 6.230406370119514 4.408132332563703 11.655207211848495 3.2678453110462264 4.708746048520174 12.862048002558026 0.24728704010273442 4.995615210081381 12.902909978502105 0.6217954250165888 1.0589970263779431 12.64031588154401 0.7592732524204664 3.3797908044252676 12.951433414910147 -3.401618390426563 3.9526033132790497 11.105831782379655 -3.712929587108054 0.5856938988084153 14.560223595672348 -7.347337548977733 4.184308864507382 10.323445357701193 -7.94145216172385 0.27080476778770113 17.417413901579323 
0.6704046609539386 0.5091465255570033 9.161175620522831 3.2956181399296347 0.2931207853580834 10.202280880908658 6.1757567481972195 1.1020207054394477 9.606568549275346 6.380609878378887 4.903316607043485 10.800289552410618 3.308066129855999 5.281540099242514 11.837792796883406 0.2849360845904283 5.568884161086186 12.080740982388443 0.6619459013790783 1.6108577240951178 11.13069644351397 0.7589477846088417 3.9546535107701732 11.56110595132675 -3.519605558817287 4.172604802764406 10.690122273181627 -3.318284202845011 1.0883165824355066 11.460200247826277 -7.508226782023637 4.214900129749919 10.227912356621163 -6.391789864838507 0.4736680738556551 15.21760992060192 
0.7791041701644325 0.9735226323776877 8.450069388457822 3.393577212166416 0.7859939118532041 9.342821613420185 6.272451163291734 1.6005635706305392 8.786636494231464 6.526243372825387 5.330386612069438 10.041601161849163 3.515370540260486 5.752784084101738 11.121800819906376 0.5796316005838357 6.057974661952423 11.109239025704133 0.6717845776544384 2.134330547753587 10.189851552064727 0.7829366970099223 4.46094815459732 10.587237237977359 -3.6084372933809785 4.473439863537369 10.423418496886208 -3.1755556532427183 1.8392310870436188 9.726896178589902 -7.58921469439889 4.30182733965686 10.187634230493671 -6.057941439517194 1.0243538376532597 13.438276973609884 
0.8556248662310696 1.2883654252201986 7.97681521156345 3.5241887710282294 1.2025124152742246 8.703551730589973 6.3795496591687 1.989562156986134 8.089556972636013 6.663193806446664 5.748972282962415 9.262491890407954 3.662533759112542 6.29640724480966 9.859684096154066 0.7621870601127585 6.63057940513513 9.503765336585445 0.7302158759118905 2.578967214015342 9.211156118897682 0.8041613273754288 4.858776172306282 9.761372533235278 -3.6361253917768503 4.77782551425426 10.072532435208776 -3.223020932827667 2.6747143149738726 8.282953136817813 -7.537018870482447 4.334387147629635 10.335064766370945 -6.605776868172584 2.1969982994962693 11.005590765804044 
0.856199073535596 1.5643945784639248 7.309334351658959 3.516509516908846 1.560305921959581 7.973467790634296 6.388410450322626 2.284201268072498 7.419981077445723 6.640215472397443 6.117397272734423 8.479532777366636 3.6695648215553156 6.779895908132074 8.892441437233128 0.8075635206666374 7.1389171796714885 8.199172527785386 0.7652620539823768 2.9342580194267476 8.365859540707545 0.8032187353356739 5.0803841755071355 9.124077873118843 -3.6453048088523357 4.900107502953751 9.755136326086603 -3.144525973872055 3.5528397867816914 6.823203463142896 -7.457996243747381 4.299039190063432 10.198082613750774 -6.716335674973957 3.424033391700404 8.236692089832749 
0.714763294799155 1.9129351936644283 6.628544592256324 3.362125302083002 1.9624171173687044 7.0774737658241635 6.2177748677446765 2.7622979198372413 6.539034746532224 6.5449170179207155 6.568745552435446 7.5852738325321925 3.6028632722449974 7.447812831324019 7.7651696662943825 0.8487312150418851 8.15678291685619 6.351993102142233 0.7333800486645488 3.612636595773128 7.28302390269473 0.7971614234591277 5.7537089314394185 7.954670511276178 -3.6119713376024563 5.398349826397754 9.04574448571543 -3.2363199671213416 4.553001110789133 5.4209791763063615 -7.394061157480758 4.400762515295133 9.981960851491838 -6.729469662567862 4.697026617721545 5.52091576590247 
0.2725648662428583 2.255664125000539 5.978100475358366 3.2837886439348956 2.3030322492946698 6.307989228687591 5.976586839775485 3.1292889460544737 5.75209774015298 6.376589323202681 6.9305310332794505 6.7069933968015985 3.540914539796361 7.793252527038836 7.103385825399312 0.9001563569729599 8.576821195096151 5.315656804634332 0.5075215832860359 3.931114296596958 6.671145960916365 0.591623636035845 6.056416643719762 7.371655675117775 -3.665771650060601 5.507777097652798 8.70745943369554 -3.5649052193224358 4.876602949233354 4.933648648208781 -7.36974416191073 4.42394219487506 9.89380122503843 -6.857647377107125 5.466539969013362 4.143360494426131 
-0.0754185935301222 2.5643536307671826 5.32894664737694 3.048658985996059 2.7578278169999417 5.3944611157757745 5.822458351317427 3.453581965981623 4.926818708132096 6.244066839467439 7.264313420547947 5.893206260367563 3.4470231323999267 8.171822180968825 6.23531286654364 0.9251231228619153 8.951910721201775 4.353978122660772 0.3767471001661401 4.424298941557803 5.507215576709904 0.512481526133741 6.5276030811524 6.331016492554901 -3.6688683664441997 6.119163539309593 7.647724985000359 -3.6239280060867216 5.351399759967469 4.153110108406156 -7.330284718675195 4.585705423051724 9.799144316668682 -6.806602092690296 5.878799233152923 3.524219759593445 
